3353,บาร์เลย์บรรยากาศดีมากๆเลยค่ะ โดยเฉพาะโซน open air $จานโปรดที่ชอบ คือสปาเก็ตตี้กิมจิ อร่อยมากๆค้า,1,1,0
3376,สำหรับคนที่ชื่นชอบเนื้อ ต้องไปพลาดร้านนี้นะคะ ,1,0,0
3467,ร้านนี้ อร่อยดี อาหารสด น้ำจิ้มอร่อยและรสชาดดีมากแต่ราคาค่อนข้างแพง ต้องลองดูนะ,1,0,0
3487,The best RED VELVET in town.  Also can try hummingbird cupcake and carrot.  They actually have the best ever creamcheese frosting.$$$$,1,0,0
3521,ราคาแพงพอได้ ก๋วยเตียวหมูต้มยำน้ำค้นก็อร่อยดีนะ อาหารแปลกๆก็เยอะต้องลองไปกินกันดูนะครับ,1,0,0  
3636,ยังไม่เคยไปลอง แต่น่าไปลองเป็นอย่างยิ่ง หอยนางรมสดกับไวน์เข้ากันได้ดีจริงๆครับ,0,0,0
7695,A nice place with convenient location,0,1,0
7754,ไก่ทอดกับยำปลาดุกฟูอร่อยค่ะ อาหารสะอาดดี ปกติไม่เคยไปทานที่ร้าน ปกติจะสั่งมารับประทานกับทีม,1,0,0
7758,เป็นอันดับต้นๆ เลยสำหรับร้านนี้ บรรยากาศ คุณภาพ ถือว่าคุ้มค่า,1,1,0
7759,แรกๆ ก็โอเค หลังๆ แพงไปนิด แต่ก็ยังอร่อยเหมือนเดิม,1,0,0
7761,แพงครับ รสชาติผมถือว่าโอเคนะ แต่แพงเกิน,1,0,0
7762,หลังจากเป็นบุฟเฟ่ คุณภาพห่วยมาก,0,0,0
7772,แจ่มแต่ต้องจองคุ้มสุดๆ เทียบกะที่อื่นแม้ไม่หรูมาก,0,1,0
7789,ราคาสูงไปหน่อยครับ,0,0,0
7850,อาหารอร่อย ประณีต แต่รอนานนนนนนมากค่ะ,1,0,1
7853,เต้าทึงอร่อยดี,1,0,0
7858,มีคนบอกว่าอาหารที่นี่อร่อย แต่กินไข่กระทะตอนเช้าแล้วรู้สึกเฉยๆ นะ ถ้าเป็นอาหารมื้ออื่นอาจอร่อยกว่านี้,1,0,0
8285,ข้าวกระเพราที่อร่อยที่สุดในอีสานใต้,1,0,0
8287,200 baht per person for this meal krub. Very good value for money. Nam nueng is very good especially แผ่นแป้ง amazing!!!,1,0,0
8294,ชอบอาหารสดอร่อย,1,0,0
8299,อร่อยจริงขอบอก ผมไปท่านมาแล้ว ถ้าใครชอบปิ้งย่าง ต้อง guy guy tei เลย,1,0,0
8301,อร่อยมากราคาไม่แพง,1,0,0
8306,อาหารอร่อย แต่ทำช้า ข้าวต้มอิ่มละ 10 บาท เมนูแนะนำ : ผัดกุยช่ายขาวเต้าหู้หมูกรอบ ผัดหอยลายหมูผัดหนำเลี๊ยบ ...,1,0,0
8307,ชอบครับ. ไปเกือบทุกอาทิตย์ครับ. เพลงเพราะดีครับ. ,0,1,0
8316,Signature coffee at reasonable price. Cozy place with free hi-speed Internet and prestige cable TV.,1,1,0
8338,ชอบมากครับ สั่งประจำเลย,0,0,0
8356,สังเวียนซีฟู๊ด ถือได้ว่าเป็นร้านที่ยังคงคุณภาพและราคาถูกได้ดีเหมือนเดิม,1,0,0
8358,หมูกะทะ อร่อยมากๆๆครับ    นอกนั้น งั้นๆ  แต่บรรยากาศดีมาก$$มีของเก่าให้ดูเพียบเลยครับ$ู,1,1,0
8359,เอ่อ  อยากจะบอกว่า  สู้โจ๊กใบเตย  กับโจ๊กโต้ที่ศรีราชา ไม่ได้ด้วยประการทั้งปวงครับ,1,1,1
8365,อาหารอร่อย,1,0,0
8371,ชอบเค็ก-ข้าวผัดปลาสลิดอร่อยมากๆ,1,0,0
8389,อาหารอร่อย บรรยากาศก็ดีนะครับ,1,1,0
8390,ราเมนแชมเปี้ยนอร่อยครับ,1,0,0
8391,กับข้าวโดยรวมอร่อยดีครับ,1,0,0
8401,เป็นอาหารเวียดนามที่รสชาติดีทีเดียวคะ บริการดีอีกด้วย,1,1,0
8414,Authentic Vietnamese Restaurant. Family-run restaurant. Vietnamese delicacies.,1,1,0
8421,ข้าวแกงอร่อยมากค่า เบิ้ล 2 จานเลย,1,0,0
8425,Best italian restaurant around here. ,1,0,0
8426,อร่อยมากครับ,1,0,0
8433, Super slow food. ,0,0,1
8434,ตอนนี้เค้าขายตั้งแต่ 6 โมงเย็นแล้วค่ะ มาใต้ดินลงสถานีบางซื่อจะสะดวกสุดๆ เพราะไม่มีที่จอด,0,0,1
8446,อาหารตามสั่งข้างทาง ง่ายๆแต่อร่อย บริการดี,1,0,1
8454,อร่อยมากๆ!,1,0,0
8458,อาหารอร่อยครับ ทอดปลากินใด้ทั้งตัวเลย,1,0,0
8586,หมูมะนาวที่นี่อร่อยมากค่ะ ชอบสุดๆ,1,0,0
8588,ของแท้ดั้งเดิม อร่อยจริงๆ,1,0,0
8608,อาหารที่นี่รสชาติแบบจีนๆ อร่อยดี แต่ทำช้า รอนาน,1,0,1
8622,Good food with vintage decor!,0,1,0
8624,Very good food with decent price!,1,0,0
8784,ร้านน่ารัก เค้กอร่อยมาก สปาเกตตี้เพสโต้ของโปรด  กาแฟรสเยี่ยม พาใครไปก็ติดใจ ,1,1,0
8786,ร้านอาหารที่อร่อยเกินกว่าราคา :),1,0,0
8788,ช่วงเช้ามีขายก๋วยจั๊บ รสชาติดี,1,0,0
8791,สด สะอาด นำ้จิ้มหร่อย บริการดี แต่ที่จอดรถน้อย,1,1,1
8798,ผัดวุ้นเส้นอร่อย แกงส้มเผ็ดพอดีๆ ใช้ข้าวหอมมะลิ อร่อยดีค่า ,1,0,0
8829,ข้าวผัดไข่กุ้งอร่อยมากกกกกก,1,0,0
8846,กาแฟอร่อย คุณภาพสมราคา กินแล้วไม่เสียดายตัง,1,0,0
8868,แกงส้มไข่ชะอมสุดๆเลย,1,0,0
8869,อร่อยมากๆ กินบ่อยสุดๆ แต่ต้องซื้อกลับไปทำกินเองที่บ้านเท่านั้นนะ ไม่มีกินที่ร้าน,1,0,0
8871,สุดยอดคับร้านนีิ้ อาหารอร่อยมาก โดย.     เฉพาะก๋วยจั๊บญวน อร่อยจริงขอบอก        by voodoo computer,1,0,0
8872,อาหารอร่อยดี แต่แพงไปนิดนึง ,1,0,0
8873,อาหารอร่อยแต่ยุงเยอะมาก,1,1,0
8875,เมนูหลากหลายดี น่าทาน แต่ราคาค่อนข้างแพงอะ,1,0,0
8878,อาหารกลางวัน อร่อยราคาไม่แพง,1,0,0
8881,ยำถั่วพู ที่นี่อร่อยมาก ลองดูครับ บรรยากาศร้อนไปนิด,1,1,0
8889,ขายอาหารอีสานราคาถูกค่ะ มีลาบเป็ด ต้มพวงไข่ ลาบต้มปลาน้ำโขง$ยำชนิดต่างๆ$$,1,0,0
8890,อาหารอร่อยใช้ได้ราคาก็ไม่แพง,1,0,0
8892,อาหารอร่อยบรรยากาศดี.  อาหารที่แนะนำขาหมูเยอรมันทอด,1,1,0
8894,อร่อยดีครับ ชอบหมี่เหลืองแห้งต้มยำไข่ลวก ใส่แคปหมู กินกะน้ำอ้อย :)~~~,1,0,0
8898,ห้องแอร์ไม่ค่อยเย็นค่ะ,0,1,0
8901,อาหารอร่อย ราคาถูก,1,0,0
8902,ร้านนี้เมืื่อก่อนรสชาดดี แต่เดี๋ยวนี้ราคาแพงไม่ค่อยคุ้มกับคุณภาพของรสชาดอาหาร,1,0,0
8908,ชอบเนื้อเป็ดพะโล้รสชาติถึงเครื่อง และพริกเผารสเด็ด,1,0,0
8909,ร้านนี้อร่อยมากเกือบทุกเมนูโดยเฉพาะกุ้งเผา.  ปลาม้าผัดเค้าซี่,1,0,0
8910,สฺดยอดครับอาหารอร่อยราคาไม่แพงโดยเฉพาะกฺุ่้งเต้นต้นตำหรับ ต้มยำกุ้ง ทอดมัน อร่อยสดใหม่ทุกอย่าง,1,0,0
8912,ขอแนะนำให้ลอง,0,0,0
8913,หมูนุ่มมากๆ แต่เหม็นนำ้มันนิดๆ แล้วก็เลี่ยนเร็วมากค่ะ,1,0,0
8915,ก๋วยเตี๋ยวปู กั้ง ทะเล เครื่องถึง ราคาไม่แพง อย่าลืมสั่งข้าวผัดพริกเกลือ อาหารประจำจังหวัดตราด,0,0,0
8927,ข้าวขาหมู และอาหารตามสั่ง...อร่อยแถมได้เยอะด้วย,1,0,0
8928,Honey toast อร่อยมากครับ ทานกับวิปครีม ราคาแค่ 120 เอง อร่อยกว่า after u ครับ,1,0,0
8930,เงียบดีค่ะ,0,1,0
8931,ไม่ใช่ร้านอาหารอีสานนะคะ,0,0,0
8933,อาหารอร่อย บรรยากาศดี อยากchillต้องลอง,1,1,0
8935,บรรยากาศดีครับ อาหารอร่อย โดยเฉพาะ Sea Food,1,1,0
8937,ส้มตำรสชาติได้ตามขอ ไก่ย่างหมักเข้าเนื้อไก่ ขอสูตรเจ้าของร้านแต่ไม่ยอมให้,1,0,0
8950,อร่อยคุ้มเกินราคาครับ แต่การบริการพนง.ต้องปรับปรุง,1,1,0
8953,บรรยากาศดีครับ. ข้อเสียคืออาหารสุดยอดช้ามากกกๆ แต่ก้อรสชาติโอเค,1,1,1
8963,ร้านนี้ก็อร่อยครับ โดยเฉพาะ กระพงทอดราดน้ำปลา,1,0,0
8964,ยำถ่ัวพลูเด็ด,1,0,0
8968,หอยจ้อ ปลาผัดสมุนไพร,0,0,0
8969,อาหารอร่อย บรรยากาศดี เหมาะกับไปทานกับครอบครัวครับ,1,1,0
8970,บรรยากาศ Chill Chill อาหารอร่อย ดนตรีสด มีสระนำ้ แวะไปกันนะคับ,1,1,0
8971,สเต็กอร่อยครับ แต่ไม่แน่ใจครับผมว่าที่พระราม 2 อร่อยกว่า,1,0,0
8972,อาหารราคาไม่แพงครับ บรรยากาศของร้านดีมาก ชอบปลากระพงทอดนำ้ปลา,1,1,0
8973,นกกระจอกเทศผัดพริกไทยดำ ขอบอกสุดยอด,1,0,0
8974,เอาติดมันหน่อยอร่อยกว่านะ,1,0,0
8975,อร่อยดีนะ ราเม็งนำ้ดำ,1,0,0
8981,ร้านนี้อร่อยสุดปลาช่อนลุยสวนครับต้องลอง ไปต้องสั่ง,1,0,0
8982,ปลาหมึกย่างอร่อยมากครับอาหารสดดีใช้ได้เลยครับแต่คนเยอะน่าดูก่อนไปโทรจองก่อน,1,1,0
8984,ก๋วยเตี๋ยว ข้าวซอย อาหารจานเดียว รสชาติดี โชคดีที่รถติดหน้าร้านพอดี เลยได้ชิม,1,0,0
9001,ร้านนี้เค้าจะจัดมาเป็นชุด.                     ไก่ทอดรสนุ่มลิ้น+แกงฮังเล อร่อยมาก,1,0,0
9015,อาหารอร่อย แต่ถ้าหน้าเทศกาลก็รอนานนิด แนะนำ ปลาช่อนเผาเกลือ ครับ,1,0,1
9020,เพลงเพราะดีครับ ได้บรรยากาศเชียงใหม่แต๊ๆ,0,1,0
9028,ชอบค่ะ แต่ตอนนี้ย้ายไปไหนแล้วไม่รู้ค่ะ,0,0,0
9032,Blueberry Cake & Toffy Cake ,0,0,0
9037,เปิดเมนูมา อึ้งกับราคา ส่วนข้าวมันไก่อร่อยสมชื่อ ,1,0,0
9041,อย่าขับรถเข้ามาในซอยไม่มีที่จอด,0,0,1
9051,แนะนำคับอร่อยมาก,1,0,0
9057,รอนานมาก คนเยอะสุดๆ สั่งกว่าจะได้ รสชาติใช้ได้เมนูหลากหลาย ราคาค่อนข้างแพง,1,0,1
9084,สะอาด อร่อย สมราคา อัธยาศัยดีค่ะ ช่วงทานเจต้องมาเร็วนิดนึงนะ ไม่งั้นคิวจะยาวค่ะ,1,0,1
9089,อร่อยมาก เเนะนําปีกไก่ทอด,1,0,0
9090,Good taste good price,1,0,0
9093,ไม่ค่อย Work,0,0,0
9109,อาหารรสเค็มไปนิดนึง แต่เมนูเด็ดคงยังเป็นไข่เจียวปูกับต้มยำกุ้งยอดมะพร้าวอ่อน,1,0,0
9110,อร่อยทุกอย่าง ราคามิตรภาพ,1,0,0
9111,บรรยากาศดี ชมแม่น้ำเจ้าพระยา ริมสะพานพระรามเจ็ด แต่ราคาค่อนข้างสูง,0,1,0
9112,อร่อยทุกอย่าง ราคากันเอง แต่พนักงานแปลกไปนิด,1,0,1
9113,รสชาดดี แต่แพง,1,0,0
9116,อร่อยดีตามต้นตำรับ MK,1,0,0
9120,อาหารอร่อยมาก แต่แพงไปหน่อย,1,0,0
9125,อร่อย ประหยัด,1,0,0
9127,ข้าวผัดปูอร่อยคะ แต่รอนานไปหน่อย,1,0,1
9152,ช่วงนี้มีพายบลูเบอรี่ limited edition ขายปีละครั้ง ถึงวันที่ 19 มค นี้เท่านั้น,0,0,0
9154,อร่อยดีครับ (ไม่เอาบรรยากาศ),1,1,0
9160,น้ำจิ้มซีฟู๊ดรสจัดจ้าน. อาหารสดอร่อย,1,0,0
9161,อาหารตามสั่งหลากหลายมากๆๆ,0,0,0
9162,สปาเกตตีไก่อบ :)),0,0,0
9163,ราคาไม่แพงมาก มีดนตรีสดด้วย ,0,1,0
9164,มีติ่มซำด้วย เกี๊ยวอร่อย แต่ให้น้อยไปหน่อย,1,0,0
9165,หอยทอดก็อร่อยนะ :),1,0,0
9167,อาหารอร่อยนะแต่น้ำมันมันเยอะไปหน่อย,1,0,0
9168,ถ้าจานเดี่ยว 35 บาท ตักได้ครั้งเดียว,0,0,0
9169,บานอฟฟี่อร่อยดีนะ :),1,0,0
9171, สปาเกตตีอร่อยหลายอย่างเลย แต่ ตอนเที่ยงคนเยอะมาก,1,1,0
9172,ร้านตกแต่งดีมาก มีไอเทมเก๋ๆเพียบเลย ขนมก็อร่อย :),1,1,0
9177,ร้านสวย กาแฟอร่อย บรรยากาศดี เจ้าของร้านน่ารัก แต่พูดมากไปหน่อย,1,1,1
9178,Crepe caks. อร่อยสุดในสามโลก. ส่วนอาหารเฉย ๆ นะ. บรรนากาศดีมาก ๆ,1,1,0
9179,ซาซิมิ. เด็ดมาก. ๆ. ชอบปลาฮามาจิย่างสุด. ๆ,1,0,0
9180,ผักสดดีหมูยอเด็ด,1,0,0
9193,ต้มเลือดหมูอร่อย ราคา 30 บาท พิเศษ 35 บาท,1,0,0
9194,อาหารสดราคาไม่แพง ทางร้านมีแพปลาเอง,1,0,0
9214,เหนียวหนึบอร่อยดี ราคา 10 บาท มีข้าวโพดให้เลือกหลายแบบ ชอบข้าวโพดข้าวเหนียวครับ,1,0,0
9217,อาหารอร่อย,1,0,0
9218,อาหารอร่อยรสชาดดีมีหลากหลายราคาไม่แพง,1,0,0
9229,ขายช่วงกลางคืนประมาณ 20:00-04:30 น.,0,0,0
9231,กระเพราเนื้อน่องลายอร่อยมากครับ หากเข้าร้านลองสั่งดูไม่ผิดหวัง,1,0,0
9247,บรรยากาศเป็นกันเอง อาหารอร่อย ราคาโอเค,1,1,0
9251,เมนูจานเด็ดคือแกงคั่วหอยขม รสชาติกลมกล่อม ถูกปาก ราคามิตรภาพ^^ แนะนำเพื่อนๆมาทานได้เลยนะคร้าบบ,1,0,0
9279,วันนี้อิ่มสุดๆ,0,0,0
9284,อาหารรสชาติดีครับ ราคาไม่แพงเลย มีดนตรีสดและคาราโอเกะครับ,1,1,0
9287,Very good bands here. Lots of old brand new songs. If come with friends in the same ages it will make u feel more funny 'cz almost of brand here will play old songs when we were young.  But it's not good only parking lots that not enough need to use parking valet services.,0,1,1
9290,ผักสดสะอาด อาหารอร่อย,1,0,0
9291,ไปมาเมื่อวานรสชาติโอเคบางอย่าง วัตถุดิบไม่ค่อยสด การบริการพอทน,1,0,1
9293,ก๋วยเตี๋ยวเรือเจ้าเก่าแก่ รสเด็ด ลูกชิ้นอร่อย แต่หาที่จอดรถยากไปนิด ,1,0,1
9301,บรรยากาศดี,0,0,1
9304,ก๋วยเตี๋ยวหมูต้มยำ เย็นตาโฟ อร่อยมาก,1,0,0
9307,ชอบครับ ส้มตํา หมูตกครกอร่อยครับ คนมากินเยอะ ราคาม่ะแพง,1,0,0
9314,อาหารอร่อย ติดทะเล บรรยากาศดี แต่ราคาแพงไปหน่อย,1,1,0
9343,ร้านของหมํ่าทำเองเสิร์ฟเอง,0,0,0
9345,ต้มยำกุ้งมะพร้าวอ่อน. ขาหมูเยอรมัน ไข่เจียวปู กุ้งราดครีมขาว ปลาแรดทอดเทียม หนมปังเทียมกะหอยลาย เริดมาก,1,0,0
9346,เค้กอร่อย โดยเฉพาะเค้กมะพร้าว ติดทะเล บรรยากาศดี,1,1,0
9347,ก้อโอนะคับแถวย่านนี้ คนแน่นร้านมาก อาหารก้อโอ ส่วนใหญ่เล่นเพลงฝรั่ง ยังไงโทรจองก่อนไปดีกว่านะคับ ,1,1,0
9377,มีอาหารขนมไอศครีมให้เลือกหลากหลาย ชอบที่สุดคือข้าวผัดอเมริกัน,1,0,0
9390,Foie Gras is a must !!,1,0,0
9411,เท่าที่เคยไปทานมาไม่ค่อยเวิร์คเลยครับ,0,0,0
9421,สุดยอดครับ,0,0,0
9437,Vietnamese food,0,0,0
9439,นี่ก็เจ๊งไปนานแล้วอ่ะครับร้านนี้,0,0,0
9444,ก๋วยเตี๋ยวต้มยำหมูกรอบอร่อยมากครับ...^^,1,0,0
9445,กาแฟ&เค้กอร่อยดีครับ แต่ถ้าลดราคาลงหน่อยก็ดีนะครับ ^__^,1,0,0
9456,ร้านนี้อร่อยมาก ๆ ครับบบบบบบบบบบบบบบบบบบบบบบบบบบบบบบบบบบบบบบบบบบบบ,1,0,0
9459,ไม่ประทับใจเท่าไหร่ อาหารแพง บริการไม่ดีแต่บรรยากาศโอเค มีโต๊ะพูลให้เล่นด้วย,0,1,1
9460,ชิว บรรยากาศดีสบาย เดินทางสะดวก ใกล้รถไฟฟ้ามาก แต่ที่จอดรถน้อยมาก,0,1,1
9463,กาแฟก็อร่อยครับ,1,0,0
9466,เป็นร้านที่ขนมเบเกอรี่ อร่อยมากๆทุกอย่าง หอมเนยมากๆ,1,0,0
9477,ยำส้มโออร่อยมากกก ถึงกับต้องสั่งมาอีกจาน อร่อยจนลืมเนื้อเลยค่ะ,1,0,0
9479,บรรยากาศร้านน่านั่ง อาหารอร่่อย ราคาโอเคมากๆครับ,1,1,0
9482,บรรยากาศชิวๆเพลงสบายๆ แต่ค่อนข้างไกลและรถติด,0,1,0
9484,ร้านอยู่ในซอยลึกหน่อย  แต่อาหารอร่อยมาก โดยฉพาะเป็ดปักกิ่ง เห็นสั่งกันแทบทุกโต๊ะ,1,0,0
9485,ปลาหมึกมะนาววววอร่อย,1,0,0
9486,อาหารไม่อร่อยเท่าไหร่ แต่บรรยากาศดี ,1,1,0
9491,ชอบมากครับ เป็นร้านอาหารสไตล์ Pub & Resturant อาหารอร่อย บรรยากาศดี มีดนตรีสดเล่นตั้งแต่ 2 ทุ่มยัน เที่ยงคืน ,1,1,0
9496,รสชาดดี ราคาไม่แพง,1,0,0
9497,Dim sum and Beijing roasted duck taste good.,1,0,0
9505,บรรยากาศดี:),0,1,0
9514,ก็ถือว่าทั่วไปครับ,0,0,0
9516,บรรยากาศสบาย เป็นกันเอง ร้านน่ารักมาก,0,1,1
9523,Delicious food lots of choice and great value.,1,0,0
9534,อาหารหลากหลาย มีอาหารทะเลราคาไม่แพง,0,0,0
9546,อาหารอร่อย กาแฟก็ดี มีที่จอดรถ ฟรี WIFI และของเด็กเล่น,1,0,1
9556,น้ำซุปก๋วยเตี๋ยวไก่..อร่อยมาก,1,0,0
9560,อร่อย ราคาถูก,1,0,0
9563,บรรยากาศดีครับ ราคาสูงนิดนึง,0,1,0
9567,หลังๆ อาหารทำช้ามากๆๆๆๆ เลยไปกินสมบูรณ์แทน แพงกว่า แต่ไว รสชาติสุดยอด,0,0,1
9572,อาหารอร่อยมาก โดยเฉพาะผัดถ่ัว,1,0,0
9575,อาหารอร่อยราคาเบาๆ เพลงเพราะ แต่ต้องนั่งโซนด้านนอกนะคะ จะเวิร์คมาก,0,1,0
9576,อาหารอร่อยดีครับ บรรยากาศดี เฉพาะในนวนครนะ,1,1,0
9580,ร้านokค่ะ ชอบ,0,0,0
9581,อร่อย ราคาเป็นกันเอง,1,0,0
9591,Taste good!,1,0,0
9592,ข้าวหมูแดง/หมูกรอบ อร่อยมากกก กินกับเป็ดตุ๋นมะนาวดอง ย่ิงอร่อยไปใหญ่ ต้องลองครับผม -nutt,1,0,0
9605,เหมาะมานั่งสังสรร,0,1,0
9608,ร้านนี้ เคย ไป เมื่อตอนเดกเดก   =.=$ตอนนี้ จะจำไม่ได้ล้ะ ว่าร้าน มันยุตงไหน๋ ฮาาาาาาา$รุแต่ รสชาติ ใช้ได้ !,1,0,0
9655,อยู่ไนปั๊มปิโตรนาส สาธุประดิษฐ์ครับ,0,0,0
9665,ร้านอาหารอีสานรสแซ่บ โดนใจ ในราคาเบาๆ ย้ายมาอยู่ติดปั๊มคาลเท็กซ์ ขยายพื้นที่แล้วดูสะอาด สะอ้านขึ้นเยอะ,1,1,0
9669,Super Combination Rice is amazing!!,1,0,0
9742,ร้านก๋วยเตี๋ยวไหหลำสูตรดั้งเดิม อร่อยที่สุดในบรรดาก๋วยเตี๋ยวไหหลำ ถ้าไปเวลา 18.00-20.00 ต้องทำใจรอนาน,1,0,1
9768,อยู่ในซอยหลวงพ่อโต ถัดจากไปรษณีย์บางพลีมานิดนึง คนเข้าร้านเยอะตลอด,0,0,0
9770,คุณภาพอาหารแย่/ราคาแพง/อาหารไม่หลายหลาย/เสียดายเงิน.....................,1,0,0
9771,ผิดหวังนิดนึงคับ,0,0,0
9774,ร้านส้มตำ ลาบ อื่นๆ ไม่แพงและอร่อย ขายดีมาก ขายตอนเย็น...........,1,0,0
9776,ร้านบรรยากาศชาดหาด มองเห็นหาดจอมเทียน อาหารอร่อย,1,1,0
9780,รู้สึกได้ถึงความสดใหม่ แต่่ส่วนตัวรู้สึกว่าสาขาที่อนุเสาวรีย์ประชาธิปไตยอร่อยและเข้มข้นกว่า,1,0,0
9781,อาหารอร่อยครับ ของว่างดีมาก แนะนำพายหมูแดงครับ,1,0,0
9787,ร้านอยู่ถนนขอบอ่างเก็บนำ้บางพระ อาหารอร่อย โดยเฉพาะยำแหนมสด ไก่กระทง ,1,0,0
9791,นักร้องดี เด็กเสริฟน่ารัก อาหารธรรมดาไปนิด,1,1,1
9792,ไปมาแล้วร้านนี้$$คราวที่แล้วไปเจอพี่ซันนี่ พี่เต๋อด้วย$$ขออัพเดตรูปให้ซะหน่อยน๊ะ,0,0,0
9795,อาหารอร่อย ราคาไม่แพงมาก ลองชิมแล้วจะติดใจครับ,1,0,0
9799,อาหารอีสานรสชาติเยี่ยม แต่ราคาอาจจะสูงหน่อยเมื่อเทียบกับอาหารอีสานทั่วๆ ไป,1,0,0
9802,ปลาหิมะนึ่งซีอิ๊ว กับยำเห็ดหอมอร่อยมาก,1,0,0
9806,บัวลอยน้ำขิง เนื้อแป้งบางและเหนียวดี ราคาชามละ 30 บาท อร่อยถูกใจๆ :),1,0,0
9812,อร่อยถูกรอนานนิดแต่คุ้มค่่า,1,0,1
9815,Not too sweet and full of cheesecake taste. Definitely recommend. The piece is pretty big and is worth for your 160 but,1,0,0
9819,แป้งนุ่มมาก จากตู้เย็นมาเข้าไมโครเวฟก็ยังโอเค แต่หวานเกินไปที่จะกินเปล่าๆครับ กับกาแฟดำคงเข้ากันมาก,1,0,0
9820,อาหารและเค้กอร่อยมากครับ ติดแต่ราคาสูงไป,1,0,0
9822,อร่อยมากครับ,1,0,0
9825,บรรยากาศดี อาหารอร่อยค่ะ,1,1,0
9827,อร่อยทุกอย่าง,1,0,0
9829,เพลงดี บริการดี อาหารใช้ได้ เพลิน,1,1,0
9832,อร่อยค่ะ ชอบเขียวหวานขลุกขลิก กะ กุ้งผัดกะปิยอดมะพร้าวว ^.^,1,0,0
9834,สเตกอร่อย แต่ที่ชอบที่สุดคือขนมปังก้อน ร้อนๆเค็มนิดๆ กรอบหน่อยๆ นุ่มใน ทาเนย โอ๊วว ละลายในปากกก,1,0,0
9835,กุ้งซอสมะขาม อร่อยย  ปูนิ่มทอดก้ออร่อยย,1,0,0
9840,อาหารอร่อยมากค่ะ รสชาดเข้มข้น,1,0,0
9841,ชอบมากทุกอย่าง,0,0,0
9853,Super ขาไก่หม้อไฟ อร่อยมากรสจัด,1,0,0
9863,อาหาร ราคา ถูกจัยที่ซู๊ดดดดดด,1,0,0
9864,แกงส้มปลาช่อนแป๊ะซะอร่อยมาก ดนตรีเล่นดี บรรยากาศดี,1,1,0
9868,ส้มตำปูม้าอร่อยมากค่ะ ปลาช่อนสมุนไพรก้อดี ราคาไม่แพงมาก เหมาะทานกับครอบครัวหรือจัดเลี้ยงสังสรรค์,1,1,0
9869,ผมชอบผัดไทธรรมดาของร้านนี้ มันแห้งและร่วนๆดีครับ ผัดไทมันกุ้่งมันแฉะๆ,1,0,0
9870,เครปเค้กอร่อยมากกก!!,1,0,0
9874,หอยทอดเจ้าดัง ถนนแปลงนาม,1,0,0
9890,awsome but so expensive,0,0,0
9903,กาแฟสดหอมกรุ่น $รสชาตินุ่มสไตล์ฝรั่งเศส$เค้กรสอร่อย นุ่มลิ้น ชิมแล้วจะติดใจ$ผมรอคุณอยู่,1,0,0
9919,เยี่ยม แซลมอนรสเด็ด ประทับใจ กินพุงกาง^^,1,0,0
9930,อร่อยถูกใจครับ หลังๆเลยไม่อยากกินพวกพิซซ่าฮัทไปเลย,1,0,0
9939,Very nice atmoshere when its not too crowded.,0,1,0
9944,อร่อยดีึครับ เนื้อนุ่ม ชุ่มลิ้น,1,0,0
9947,ซาซิมิ สดมาก แนะนำ "หอยเชลล์ย่างไข่ปลาเมนไทโกะ",1,0,0
9948,ราคาย่อมเยาว่์ อาหารอร่อย,1,0,0
9957,everything is cool,1,1,1
9965,บรรยายกาศสบายๆสไตล์ล้านนาประยุกต์ ฟังดนตรีสด ถ่ายทอดฟุตบอล พร้อมทานอาหารท่ามกลางแมกไม้และนำ้ตก,1,1,0
9974,บรรยากาศดี ราคาไม่แพง,,,
9981,อร่อยเเล้วราคายังถูกด้วยนะครับ,,,
9992,เป็นข้าวมันไก่ที่อร่อย ข้าวนุ่ม น้ำซุปอร่อย,,,
9996,เพลงเพราะ อาหารอาหร่อย พนักงานบริการดี ร้านน่ารัก บรรยากาศดี,,,
10006,ลูกชิ้นปลาไร้สาร สด สะอาด อร่อย มีที่จอดรถบริการ,,,
10041,ล่าสุดไปกินมาไม่อร่อยเลย สถานที่ก็เริ่มทรุดโทรม ห้องนำ้ก็แย่ ,,,
10042,Paitan Special อร่อยมาก,,,
10043,ไข่เจียวกุ้งสับ สับพร้อมเปลือกและหนวด,,,
10044,มาบ่อยเพราะเจ้าห่อหมกขนมครกเนี๊ยละ,,,
10047,ชอบมั่กๆร้านนี้อร่อย คอนเฟิร์มมีอาหารให้เลือกหลากหลายด้วย...,,,
10051,ไปกินมาเมื่อ เดือนก่อนค่ะ เนื้อหมูหมักอร่อยมากเลย แต่เสียดายที่ มีเมนูในบุฟเฟ่นิดเดียว,,,
10065,เหมาะกับการมาทานกับครอบครัว,,,
10100,ร้านหมูกระทะร้านนี้ต้องบอกว่าอาหารน้อย และไม่ค่อยสะอาดเท่าไร,,,
10105,อาหารถูกนะอร่อยด้วย. ลอง!!!  ลอง !!!,,,
10108,ร้านขายข้าวต้มธัญญาพืช. เพื่อสุขภาพยังไงก้อลองดูเลย,,,
10109,บรรยากาศดี,,,
10110,อร่อยมาก คอนเฟริม,,,
10111,อุไม .....:) อร่อยจิง,,,
10112,ข้าวหน้าปลาอลังการมากๆ,,,
10118,ราคาโอเค แต่สเต็คแห้งเกินไป บรรยากาศธรรมดา ความสะอาดอยู่ในเกณฑ์ที่รับได้,,,
10142,อร่อยมากคะ,,,
10154,อาหารอร่อย (ไก่ผัดเม็ดมะม่วง กุ้งอบวุ้นเส้น ยำ)ดนตรีสด ราคานักศึกษา,,,
10160,น้ำเงี้ยวรสจัดจ้าน สั่งคู่กับหมูย่างใบชะพลู(หอมใบชะพลูมาก ๆ),,,
10163,nice place nice song slow services,,,
10172,ออส่วน ก็เด็ดนะ,,,
10188,ก๋วยเตี๋ยวนำ้ใสอร่อยมาก,,,
10192,อาหารอร่อย สดมาก,,,
10202,โทร.0-2972-5611,,,
10227,ร้านสวยมากค่ะ  และ บรรยากาศดีติดทะเล เหมือนอยู้บ้านตนเองเลยค่ะ$เค้กเลมอนอร่อยมากค่ะ รสชาติดีมาก,,,
10232,ร้านนี้อร่อยนะไม่ลองไม่คุณจะได้ลองฝีมือการทำอาหารและรสชาติที่แสนอร่อยในสไตร์ญี่ปุ่น,,,
10239,อาหารอร่อยม๊ากกก,,,
10240,อาหารไทยรสจัดจ้านดี,,,
10245,too expensive and taste is not good now,,,
10246,old fashion it is a breakfast and old people like to sit and talk,,,
10248,อาหารมีให้เลือกหลากหลายดีครับ อร่อยดี แต่ขนาดของเฝอต่างกับที่เวียตนามมากมายเลยครับ แต่รสชาติก็โอเค,,,
10251,แพงไปนิดแต่อร่อยดี บรรยากาศดี,,,
10252,ร้านนี้อร่อยดี เป็นร้านอาหารไทยคุณภาพร้านหนึ่ง$แต่ผมว่าราคาแพงไปนิดนะครับ,,,
10254,บรรยากาศดีมากค่ะ,,,
10257,ร้านนี้ปิดกิจการแล้วครับ,,,
10259,อร่อยดีครับ คนละ290฿ มีไอติมเกาหลีอีกอันละ50฿ รวมๆถือว่าดีแต่ยังไม่เมพ,,,
10270,บรรยากาศรสชาติเสียงคลื่นซัดสาด..สุดยอด!,,,
10274,ร้านตกแต่งแบบไทย อาหารอร่อย(แต่จานเล็กไปหน่อย;),,,
10275,ชอบมากครับ อาหารรสจัด ราคาถูก,,,
10281,อร่อย ไม่แพง,,,
10287,บะหมี่แห้งต้มยำใส่ไข่ พร้อมซุปร้อน ๆ อร่อยมาก แถมเปิด 24 ชั่วโมงด้วย,,,
10291,อาหารอร่อย บริการดี ถ้าไปวันเสาร์-อาทิตย์ต้องจองก่อนไม่งั้นไม่มีที่,,,
10292,อาหารอร่อยดีครับแต่ตอนนี้จานสั่งธรรมดาไม่มีไข่ดาวก็ 50 บาทแล้ว,,,
10299,ร้านอร่อยแต่ราคาแพง,,,
10315,รสชาติจัดจ้านดีครับ ราคาไม่แพง อาหารมาเร็ว แต่ตัดขอตัดคะแนนเรื่องความสะอาดนิดนึง ,,,
10316,i love thai food is wonderful very good place and near bangsan aangsila,,,
10319,ร้านน่ารัก บรรยากาศดี เหมาะแก่การนั่งชิลๆ,,,
10323,ส้มตำมาเสิร์ฟใส่ครกมานะคะรสชาติโอเคคะ,,,
10334,บรรยากาศดีคับ ชอบๆๆๆ เพลงก็เพราะ,,,
10335,ชอบชานมไข่มุกร้านนี้มาก  ไข่มุกอร่อยแล้วชาก็ไม่หวานจนเกินไป  มาสยามทีไรอดซื้อไม่ได้ทุกที ><,,,
10336,อร่อย เนื้อสดมากๆๆๆ ค่ะ ชอบๆๆ  ถึงไม่ได้อยุนครปฐม  แต่มีโอกาสไปเยี่ยมพี่สาวทีไรก็จะแวะไปทานทุกครั้งเรย ><,,,
10345,อาหารอร่อยมากครับ ให้3ดาว เพราะคาดหวังไว้สูงว่า70ปีน่าจะอร่อยกว่านี้ครับ แต่โดยรวมถือว่าดีเลยครับ,,,
10347,อาหารอร่อย มีเบียร์ Hoegaarden บรรยากาศดี มีวงเล่นสด แขกที่มาหน้าตาดี แต่ไม่รับบัตรเครดิต,,,
10350,ร้านเล็กๆ อาหารอร่อยดี จัดร้านแบบสบายๆ นั่งชิวๆ ได้เรื่อยๆ มีดนตรีสดให้ฟังด้วย,,,
10358,เป็ดย่าง ok ครับ นำ้จิ้มสุกี้ใช้ได้ แต่ติ่มซำไม่อร่อย,,,
10360,ร้านอาหารตามสั่งบ้านๆ แต่อร่อย,,,
10361,บรรยากาศดีมาก ติดทะเล ราคาตามบรรยากาศร้านเลยครับ อาหารใช้ได้ ,,,
10366,เพลงเพราะ อาหารอร่อย ร้านสวย มีสระนำ้ ที่จอดรถเยอะ ,,,
10369,ร้านสวยดี อาหารรสชาติธรรมดากลางๆค่ะ แต่ราคาแพงเกินไม่คุ้มเลย!!! บริการก็งั้นๆ กินเอาบรรยากาศอย่างเดียว,,,
10371,Ice Cappuccino,,,
10379,กินข้าวเคล้าเสียงคลื่น เพลิดเพลินกับลมทะเล,,,
10381,เพลงเพราะ. สบายๆ,,,
10386,บรรยากาศดี ขนมก้ออร่อยหลายอย่าง วาเฟิลใบเตยแท้ๆ เค้กรสนุ่ม และยังข้าวให้รับประทานด้วย ,,,
10392,อร่อยครรับ,,,
10394,บรรยากาศดี บริการดี มาร้องเพลงกัน yak-audio.com.  แนะนำครับ,,,
10395,ข้าวห่อไข่อร่อยดี แต่ขนมก็เฉยๆนะ,,,
10396,อร่อยทุกอย่าง คัสตาร์ตเป็นอะไรที่เริ่ดมาก,,,
10397,เฉยๆค่ะ อย่างที่บอก,,,
10398,อร่อยค่ะ สปามี้ตบอล,,,
10399,อร่อยที่คั่วไก่ค่ะ,,,
10400,อร่อยแบบโเรียนเต็ล,,,
10406,It feel like a t home$The food is just like in Mexico with a very friendly emviroment,,,
10407,อร่อยดีค่ะ เปิดมานานแล้ว,,,
10409,แนะนำร้านอร่อยแถวถนนรัตนาธิเบศร์,,,
10410,กราแตงปูอร่อยมาก,,,
10411,อร่อยหมดเลย. แต่แพงหน่อย น้ำจิ้มเร่ิด,,,
10412,อร่อย แต่คิวเยอะมาก สามชั้นเขาอร่อยกว่าไก่นะ,,,
10413,ราคาถูกนะ แต่ก็เป็นอาหารมังที่อร่อย,,,
10414,ไม่อร่อยเลย,,,
10417,ปิดเรียนกันแล้วเชิญมาแวะชิมที่ร้านตังเก(เจ้ดำ) ดูนะครับ$$อาหารทะเลสดๆ เห็นกันตัวเป็นๆเลยครับ,,,
10419,อาหารเยอะดี,,,
10442,บรรยากาศดี เห็นวิวทะเลสวยดี ทางขึ้นไปร้านจะแคบ อาหารพอใช้ได้ มีอาหารหลากหลายให้เลือก,,,
10448,ขาหมูทอด น้ำจิ้ม$กุ้งกระเบื้องทอดกรอบ กะ บ๊วยเจี่ย$แกงส้มกุ้งชะอม$เนื้อปลาล้วนทอดกรอบ,,,
10460,ข้าวผัดหมูสับ ไส้กรอก,,,
10462,ร้านดูสะอาดมาก อาหารอร่อยเกือบทุกอย่าง โดยเฉพาะอาหารปักษ์ใต้ พนักงานบริการดีมาก,,,
10473,แกงเขียวหวาน หมูทอดกระเทียม,,,
10475,อร่อยน่ะ. มีอาหารหลายชาติ,,,
10496,Pasta อร่อย + ตกแต่งร้านภายในสวยมากเลยครับ$ที่จอดรถก็สะดวก อยูใน Thonglor mid town $$เหมาะสำหรับวันชิวๆ สบายๆ ครับ,,,
10498,รสชาติต้นตำหรับเลยค่ะร้านนี้ บริการดียิ้มแย้มสมชื่อร้าน ;),,,
10503,บรรยากาศดี อาหารอร่อย เสียตรงบางวันอากาศร้อนไปนิด ,,,
10504,ซาซิมิ lover ต้องมาที่นี่เลย$แซลมอล สุดยอดดดดดดด$$แต่หักคะแนนตรงราคาที่ค่อนข้างสูง$และ เมนูน้อยไปนิดนึงค่ะ,,,
10512,อาหารอร่อย. ตกแต่งร้านใหม่. เรียบง่าย,,,
10513,I like this food very much. Have been there many times and my favorite dishes are the beef quesadillas and the Nacho Supremes. The atmosphere is very nice and my friends enjoy it too everytime we go there. The prices are decent and the portions are big.,,,
10514,อร่อยใช้ได้ครับ,,,
10519,เค้ามีหลายสาขา. อาหารอร่อยราคาไม่แพง.   สาขา คอกวัวพญาไท,,,
10520,เจริญนครก็มีน่ะ,,,
10522,อาหารสชาติเข้มข้นดี. ระวังอย่าสั่งปลกระพงนึ่งมะนาวเพราะขอดเกล็ดไม่เกลี้ยง บรรยากาศพอได้,,,
10523,อร่อย อร่อย อร่อย,,,
10529,อร่อยเนื้อ. เครื่องใน เริ่ด ราคาแพงยปนิ๊ด แต่ถ้าไปเทียบกับร้านขึ้นห้างถือว่าถูก เดี๋ยวนี้มีหมูตุ๋นด้วย,,,
10550, "Sweety Ice" น้ำแข็งไสปุยหิมะ สวรรค์ของคนชอบความหวาน กับหน้ำแข็งไสเกล็ดหิมะราดด้วยผลไม้ชิ้นโตๆ,,,
10559,ร้านช่อชะมวง เป็นร้านอาหารที่มีบรรยากาศดี อยู่ติดถนนใหญ่ รสชาดอาหารก็ใช้ได้ค่ะ,,,
10560,บุฟเฟต์ญี่ปุ่น อร่อยสุดคุ้มที่ภัตตาคารไดอิจิ โรงแรมดิเอมเมอรัลด์ ไปแล้วก็อยากไปอีก,,,
10562,ร้านข้าวต้มนัดพบ อยู่ที่จังหวัดนครสวรรค์ ร้านนี้แวะทานกับกลุ่มเพื่อน ๆ ก่อนเข้า กทม. จ้า,,,
10567,อร่อยครับ กินบ่อยตั้แต่สมัยเรียนเซนต์แล้ว,,,
10570,www.yak-audio.com. แนะนำ จุดเด่นอยู่ทีความสะอาด ราคาไม่แพงนัก. ริมหาดบางแสน,,,
10577,ไก่ทอดเกลือ. ตำปูม้า และก๋วยเตี๋ยวไก่ฉีกรสชาติเยี่ยม,,,
10589,ไข่ตุ๋นอร่อยมาก,,,
10590,all u can drink n awesome foodservice so good. very nixe place for sunday brunch,,,
10593,อร่อยมากๆ. เป็นร้านประจำเลย,,,
10596,คนเยอะดีดูแล้วน่ากินมากๆ,,,
10598,วิวสวยครับมองเห๊นเมืองภูเก็ตด้านล่าง ร้านอยู่บนเขารังทางขึ้นต้องขับระวังหน่อยทางขึ้นเขาโค้งเยอะ,,,
10599,ร้านนี้คนเยอะ ราคาก็เอาการ ราคาภูเก็ตอาจจะแพงไปซะหน่อยสำหรับคนมาเที่ยวภูเก็ต นานมาทีก็ไม่ต้องคิดมาก,,,
10602,บรรยากาศดีครับติดทะเลเลย อาหารใช้ได้,,,
10611,กินสุกี้ต้องที่นี่ กินมาแล้วเกือบ 30 ปีแต่ไม่เคยกินติ่มซำ เมนูเด็ด(ของเรา)เนื้อปลาสวรรค์คร้าบบบบบบบบบบบ,,,
10612,แนะนำเด็ดกว่า เดินถอยหลังประมาณ3-4ห้องไม่แน่ใจ เป็นร้านรถเข็น สุดยอด เราสั่งทีเกินสิบจาน55555555รับรอง^^,,,
10626,บรรยากาศดี อาหารโอเค นั่งตรงริมน้ำชิลล์มาก,,,
10627,ราคาถูก รสชาดใช้ได้,,,
10639,ไก่นาย่างแห้งๆ นี่ให้สี่ดาวได้ครับ อาหารอีสานก็พอใช้ได้. www.yak-audio.com. ชวนชิม,,,
10647,ต้มปลานิล. อ่อมกม. ให้เลย สี่ดาว,,,
10653,สำหรับคนนอนดึกครับ$อยู่ถนน กำแพงดินใต้ครับ $แก้ไขหมุดให้ใหม่แล้วครับ$,,,
10677,บรรญากาศดี อาหารอร่อย โคขุน www.yak-audio.com ขวนชิม,,,
10681,ปลาดุกทะเลผัดฉ่าสุดๆ,,,
10682,อร่อย ข้าวมันไก่อร่อยมาก สุกี้แห้งรสเข้มข้น,,,
10683,หมี่กรอบเค้าก้อร่อยค่ะ. เสียดายแถวนั้นหาที่จอดรถลำบาก,,,
10686,น้ำซุปหร่อยมาก,,,
10687,อาหารรสชาติเยี่ยม ริมบึงแก่นนคร @ขอนแก่น,,,
10689,อาหารใช้ได้เลย ชอบยำรวมมิตรทะเล,,,
10696,อาหารอร่อยดี,,,
10702,ลูกชิ้น และ เกี้ยวปลา อร่อย ราคาถูก สะอาด หยุดวันอังคาร,,,
10705,อาหารหลากหลายรสชาดดีราคาไม่แพง,,,
10707,คนเยอะ. อาหารออกช้า. แต่ไม่ผิดหวังที่รอ ต้มยำอร่อยมากค่ะ,,,
10711,อร่อย ราคาไม่แพง บรรยากาศดี มาตอนค่ำๆจะมีดนตรีสดด้วยค่ะ :):),,,
10713,อาหารทะเลสดที่สุด,,,
10714,the only real Mexican restaurant amd bar in Thailand,,,
10719,มันฝรั่งทอดหร่อยมาก,,,
10722,nice shop good coffee with reasonable price,,,
10724, อร่อยครับ ผ่านมาอย่าลืมแวะมาชิม,,,
10725,ยำผักกาดหอมอร่อยมากไปกินบุฟเฟต์ทีไรต้องเบิ้ลยำผักกาดทุกที :),,,
10739,ไม่อร่อยอย่างที่คิด ราคาค่อนข้างแพง น้ำมันเก่า สั่งอาหารก็เอามาผิด ดูดีก็แต่บรรยากาศนี่แหละ,,,
10745,ร้านนี้เป็นร้านประจำเลย อาหารราคามิตรภาพ รสชาติก็ถูกปาก,,,
10753,ดนตรีเพราะ อาหารอร่อย,,,
10754,ดีทุกอย่าง ยกเว้นบริการและความสะอาด,,,
10755,Good T-BChoice Call:081-4428-527/080-440-0412,,,
10756,รสชาติดี :)     ,,,
10761,Delicious Seafood. The service is fine n' seafood is fresh. They serve food very quick n' the price is Ok.,,,
10770,อร่อย สด ราคาดี,,,
10771,น่าจะมีขนมขาย,,,
10775,ชอบกิน เฉาก๊วยนมสดอร่อยดี เค้าใส่นมเยอะดีอ่ะ,,,
10783,ชอบมากของสดรสชาดดี ได้ชิมเร็วดีไม่ช้าเกินรอ ราคาสมเหตุสมผลกับคุณภาพอาหาร(ไปลองครั้งแรกติดใจเลย),,,
10784,อร่อยเกือบทุกอย่าง ชอบห่อหมกปลาช่อนมากมาก ร้าน2คูหาไม่มีห้องแอร์กินกลางวันค่อนข้างร้อน,,,
10788,อิ่มอร่อยเต็มที่เลยครับ กินครั้งแรกแล้วประทับใจ ยังไม่เจอเหตุผิดปกติอันใด$$โปรดระวัง สเต็กมันมาก ,,,
10792,Free flow wine :D,,,
10795,good location music any every,,,
10802,รสชาติมีเอกลักษณ์ บรรยากาศอาจธรรมดาแต่รสชาติประทับใจทุกจานครับ,,,
10808,เนื้อคุณภาพเยี่ยม ปลาแซลมอนเต็มคำ ไอศกรีมโฮมเมด  ล๊ำขนาดดดด,,,
10812,อาหารอร่อยครับ ไม่ผิดหวังแน่นอน,,,
10821,อร่อย ต้องลอง,,,
10824,บรรยากาศสบาย ๆ สไตล์ Open Air,,,
10827,อร่อยมาก ถูกมาก,,,
10829,อาหารอร่อยมาก,,,
10834,อาหารอร่อยมากครับสดสะอาด ราคาไม่แพง บรรยากาศพื้นๆสไตล์จีน ต้องกลับไปกินอีกแน่ๆครับ,,,
10843,บรรยากาศดี เนื้อมีคุณภาพ.  ,,,
10844,เป็นเมนูอาหารทานง่ายจานเดียว ราคาประมาณ100 บาท/จาน แต่ รสชาติไม่คุ้มราคาเลย,,,
10853,น่ากินอ่ะ เป็นคนชอบชาบูอยู่ล่ะ แถมอยู่ไม่ไกล ชอบอ่ะ เดินทางสะดวกด้วย,,,
10860,ราคาก็ถือว่าสมน้ำสมเนื้อกับตัวสินค้าทีมีซาซิมิแต่ไม่ได้คุณภาพดีมากนัก,,,
10869,วันนี้ไปกินมาแล้ว ลิ้นจี่โซดาอร่อยมาก,,,
10877,อาหารช้ามาก บริการแย่,,,
10878,อาหารสดและอร่อยมาก แนะนำน้ำพริกไข่ปู อร่อยที่สุด แต่ร้านหายากหน่อย,,,
10886,รสชาดอาหารกลางๆ ,,,
10888,ปลาดุกทะเลผัดเผ็ดร้านนี้อร่อย เผ็ดร้อนมาก,,,
10897,ชอบร้านนี้มาก ่่แป้งนุ่มอร่อยมาก่ ชื่อร้าน เครปยิ่งเจริญ คะ,,,
10900,เครปเค้กราดสตรอเบอร์รี่อร่อยมากๆครับ$ร้านนี้มีสาขาที่ Central World ด้วยนะ ชั้น 6,,,
10906,เป็นร้านเก่าแก่อีกร้านนึง จอดรถหลังร้านสบายๆ,,,
10916,อร่อย ชื่นใจ ตัวลอดช่องไม่เหนียวเกินไป กำลังดี,,,
10917,รสชาติระดับเหลา ราคาระดับคนเดินดินกินข้าวแกง,,,
10921,กาแฟสด สเต็ก อาหารตามสั่ง+เครื่องดืม บรรยากาศสุดสวย ราคาร้านข้าวต้ม.,,,
10935,อาหารรสชาติดีนะแต่ภายในร้านดูสกปรก เบาะนั่งทั้งดำและเต็มไปด้วยเส้นผมนั่งไม่ลง,,,
10936,อาหารโอเคร แต่บริการช้ามาก เบาะที่นั่งสกปรกแบบว่านั่งไม่ลงจริงๆ เห็นแล้วอยากเดินออก,,,
10940,อร่อย สะอาด ได้มาตรฐาน เสียดายไม่มีปลาหมึก,,,
10952,นกพิราบอร่อยสุดๆครับร้านนี้หากินยากมากๆด้วยแต่ราคาสูงนิดๆ,,,
10975,buffet 419bath...,,,
10976,อร่อยได้มาตรฐานค่ะ พนักงานบริการดีมากๆ,,,
10980,ลองชิมมาหลายร้านครับ...ร้านนี้ได้มาตราฐานรสชาติดีฝีมือไม่ตก! ไม่ผิดหวังแน่นอน!!!,,,
11002,ใม่ลองไม่รู้นะครับ,,,
11007,อาหารอร่อยโดยเฉพาะโรตีเขียวหวานเนื้อ. ,,,
11037,ของเค้านานสมคำร่ำลือจิงๆคับ,,,
11043,วันนี้ไปลอง Caramel Coffee Smoothie ทานคู่กับ Chocolate Banana Waffle เด็ดมากคะ ^^,,,
11059,good buffet !,,,
11079,เหมาะกับการรับประทานกับครอบครัว อาหารอร่อย เพลงแนวผู้ใหญ่ สุนทราภรณ์,,,
11080,อร่อยทุกอย่างครับ บรรยากาศ ราคาโอเคครับ เป็นแพริมน้ำครับ ถือว่าผ่านครับ โทร 034324679,,,
11086,อร่อยมากเป็ดกรอบ,,,
11103,อร่อยดิ มีโปรเยอะ,,,
11108,อิตาเลี่ยนสไตล์ญี่ปุ่น ถือได้ว่าอร่อยได้ ไม่ผิดหวังแน่นอน สลัดเจ๋ง พาสต้าเยี่ยมคับ เปิดมา2ปีกว่า,,,
11116,ชอบนะ     ,,,
11117,คุณภาพของเน่ื้อใช้ได้เลยค่ะ น้ำจิ้มอร่อยด้วย,,,
11126,จำหน่ายสินค้าอุปโภค บริโภค เครื่องดื่ม ไอศกรีม วอลล์,,,
11148,อาหารอร่อยคะ บรรยากาศเงียบดี ราคาไม่แพง ขอแนะนำข้าวหน้าหมูทอด กับครีมโคร๊อคเกะ,,,
11150,อาหารอร่อยทุกอย่างที่เคยสั่ง ร้านจะหยุดทุกวันจันทร์ที่สองของเดือนค่ะ,,,
11152,มาแล้วต้องสั่งเกาเหลาเนื้อ และข้าวผัดปู,,,
11156,อาหารอร่อยทุกเมนู บรรยากาศก็ดี กินตั้งแต่ตอนยังเรียนอยู่ จนตอนนี้เรียนจบมา 4 ปีก็ยังชอบไปกินค่ะ ,,,
11177,ชอบอาหารโบราณมาเลยคับ ไม่เหมือนใคร ก๋วยเตี๋ยวปากหม้อ,,,
11182,อาหารอร่อย สะอาด ใหม่ทุกวัน บริการเป็นกันเอง. ราคาย่อมเยาว์. รับทำข้าวกล่อง,,,
11184,แนะนำโกยซีหมี่ รสชาติดั้เดิม ไม่เหมือนที่อื่น,,,
11185,อาหารโอเค แต่บริการไม่ดี,,,
11189,ลูกชิ้นปลาอร่อย และมีเผือกทอดซึ่งหากินยากใส่ให้ด้วย เปิดทุกวันถึงดึก ผ่านไปน่าลองค่ะ  ,,,
11190,รอนานแบบไม่มีเหตุผล ขนมปังแข็งรสชาติธรรมดามาก  เมื่อก่อนคนน้อยอร่อยกว่านี้ ราคาค่อนข้างแพง,,,
11191,ร้านนี้เยี่ยมครับไม่แพงๆ ใครชอบอาหารทะเลขอแนะนำ,,,
11198,อาหารคุ้นเคยของคนไทย รสชาติติดปาก ราคาเบาๆ มีเครื่องให้เลือกมากมายกว่าร้านไข่เจียวที่อื่นๆที่เคยเจอ,,,
11199,เค้าชื่อร้าน...ร้านสิบสองปันนา....ไม่ใช่เหรอครับ,,,
11201,ปิ้งย่างที่เด็ดสุดโซนนี้ต้องที่นี่เลย แต่หัวเหม็นพอตัว,,,
11228,dragon x อาหารจีน$เมนูแนะนำ บะหมี่งาดำเนื้อหมัก หมี่ผัดผักกะเฉด ราดหน้า,,,
11236,ปูอลาสก้าร้านนี้ไม่อั้น ปลาดิบอร่อย อาหารทั่วไปก็ดีมากครับ บางครั้งมีหอยเชลล์ด้วย,,,
11237,ร้านนี้อร่อยมากครับ เคยกินตั้งแต่เปิดร้านใหม่ๆ มะเขือเฟรซ์ฟรายอร่อยสุดๆ,,,
11240,ร้านนี้มีอาหารหลากหลาย เปาะเปี้ยะสด ก๋วยเตี๋ยวลูกชิ้นหมู และอาหารตามสั่งต่างๆ เปาะเปี้ยะสดรสชาดใช้ได้,,,
11243,อาหารอร่อย  ราคาปานกลาง แต่รอนาน,,,
11244,มีสองร้านที่ชั้นล่าง และชั้น 10 ควรไปชั้น 10 จะได้วิวที่ดีกว่า มีที่นั่งแบบโซฟาด้วย,,,
11245,ตกแต่งดี มีมุมส่วนตัวหลายจุด ร้านนี้ปรุงรสค่อนไปทางเค็ม,,,
11246,บรรยากาศดี ตกแต่งดี สงบไม่พลุกพล่าน อาหารอร่อย เหมาะสำหรับคนชอบแนวอิตาเลี่ยน ราคาค่อนข้างสูง,,,
11251,ไปกินประจำคับ เนื้อเปื่อยมาก ข้าวกะหรี่เนื้อเปื่อยก็อร่อยดีครับ ;),,,
11257,ตามสูตรเอ็มเคทั่วไปคะ แต่ชอบตรงที่เป็นบุฟเฟ่ กินกระจายพุงกระจุย555,,,
11261,อร่อยมาก.  ต้องลอง ,,,
11262,โดยรวมชอบหมด ยกเว้นเรื่องสาขาน้อยไปหน่อย,,,
11265,ผมชอบข้าวคลุกกระปิกับปลาหมึกชุบแป้งทอด. แค่นี้แหละครับ. ,,,
11266,พอทานได้. ไม่แพง แต่ชูรสเยอะมาก. ขอผ่านครับ เหมาะสำหรับคนทานสุรามากกว่า,,,
11275,แนะนำไอติมชาเขียว กับคาราเมลค่ะ .. ทานคู่กับพุดดิ้งชีส อร่อยมากๆ ^^,,,
11277,เต้าหู้ทรงเครื่องร้านนี้เยื่ยมมาก. แต่รสชาติตอนหลังเปลี่ยนไม่แน่ใจเปลี่ยนพอครัวเป่า,,,
11278,เฉยๆนะ อาจจะเป็นเพราะเราอยู่กรุงเทพ ร้ายเค้กอร่อยกว่า เยอะมาก,,,
11282,อร่อย มีดนตรีตอนเย็น ลูกค้าขึ้นไปร้องเพลงได้ ผู้ใหญ่ซอบใช้เป็นที่พบปะสังสรรค์ หรือเลี้ยงรุ่นกัน,,,
11286,อร่อยดีครับ เมนูแนะนำ ก๋วยเตี๋ยวเส้นใหญ่คั่วไก่ ,,,
11290,สมัยเรียนไปกินบ่อยมาก อร่อย เผ็ด จัดจ้าน สะใจ,,,
11299,ผมว่าร้านอึดอัด ไปนิดครับ กับบริการ ดูไม่ค่อยดีเมื่อเทียบกับราคา,,,
11300,ร้านนี้พอใช้ได้ครับ ต้องสั่ง set menu ราคาไม่แพง เปลี่ยนอาหารได้ด้วย,,,
11319,ร้านอาหารทะเลรสชาติยอดเยี่ยมมาก อาหารอร่อยรสชาติกลมกล่อม บรรยากาศนั่งสบายๆ ,,,
11320,อาหารธรรมดามากอะครับ อาหารแข็งๆ ยังไงไม่รู้ กินแล้วไม่ลื่นคอ ราคาก็แพงกว่าคุณภาพ,,,
11336,ชอบมาก อร่อยทุกเมนู,,,
11337,Quiet Expensive but good Taste,,,
11339,ต้มยำน้ำข้น น้ำพริกเผา อร่อยมากครับ ไม่เผ็ดด้วย,,,
11340,ลาบหมูดงเค็ง ร้านอาหารอิสาน บรรยากาศชิว ๆ อีกตัวเลือกของคนชอบอาหารรสแซ่บ,,,
11346,อร่อย...ราคาถูก,,,
11351,อร่อยมาก มีพวกหอยนางลมนำเข้า ร็อบสเตอร์ พวกอาหารทะเล อร่อยมากๆๆ,,,
11354,ร้านนี้ชิลๆ อาหารอร่อย เพลงเพราะ,,,
11356,ชอบคะ แวะไปบ่อยๆ อร่อยดี แต่บุปเฟ่เมนูมาไม่ค่อยครบตามสั่ง,,,
11361,มีบุฟเฟต์หลากหลาย เครื่องเคียงแบบเกาหลี รวมเครื่องดื่มและของหวาน ในราคา450บาท เยี่ยมไปเลยครับ ,,,
11365,อร่อยมาก แต่พนักงาน+เจ้าของร้าน หน้าบึ้งมากๆ,,,
11366,บรรยากาศพอใช้ได้ อาหารช้าไปนิดนึง เลยเสียอารมณ์ตอนรอเนี่ย,,,
11367,ไก่ตะไคร้รสชาติแย่มาก เหมือนกินไก่ทอดแป้งแห้งๆ ไม่รู้ว่าตะไคร้ตรงไหน. บรยากาศก็ไม่ค่อยดี ร้านออกมืดๆ,,,
11368,รสชาติคล้ายก๋วยเตี่ยวหมูน้ำตกเลย,,,
11369,อร่อยที่สุดใน6ร้านค่ะ  >>ซุปคอลลาเจน^^,,,
11372,ช่วงเที่ยงวันอาทิตย์คนเยอะมากค่ะ อร่อยมากบะหมี่น้ำ+ลูกชิ้นลวกรวม  ^^,,,
11373,กุ้งเผา  แกงเขียวหวานแห้งลูกชิ้นปลากรายยัดไส้  เนื้อเค็มปิ้ง >>>อร่อยมากค่ะ,,,
11374,เห็ดทอดอร่อยค่ะ,,,
11376,เครปซอสส้มอร่อยมากค่ะ(ไม่เคยจำชื่อสักที^^"] สระว่ายน้ำที่นี่ก้อสวยมากด้วยค่ะ,,,
11377,จ่ายผ่านบัตรซิตี้แบงค์ ทาน4จ่าย2 คุ้มมากค่ะ ^^,,,
11378,เครปผัดขี้เมาอร่อยมากกก,,,
11379,บรรยากาศร้านดีค่ะ ขับรถไปสุดถนนตกค่ะ,,,
11381,สั่งอาหารเป็นเซทคุ้มกว่าสั่งแยกเยอะเลยค่ะ ,,,
11382,เลือดกุ้งมังกรที่นี่จะแปลกกว่าที่อื่นตรงที่เลือดกุ้งจะคล้ายๆเจลลี่หั่นมาค่ะ อร่อยมากค่ะ,,,
11383,อาหารไทยที่นี่อร่อยมากโดยเฉพาะต้มยำกุ้ง!!,,,
11385,แนะนำปูผัดผงกระหรี่ค่ะ,,,
11389,รสชาติดี ขายตอนเช้าถึงบ่าย ราคาประหยัด เริ่มต้น 25 บาท ,,,
11390,ร้านอาหารรสชาติ ฮ่องกงแท้ๆ วันจันทร์-เสาร์ ติ่มซําลด 50% ก่อนบ่ายสอง อร่อยแต่ผงชูรสเยอะมาก,,,
11396,ร้านไวน์ และอาหารสไตล์ฟิวชั่น  บรรยากาศชิวๆ ริมถนนนราธิวาส พาสต้าอร่อยมาก,,,
11397,บริการดีแต่สับเป็ดบางมากกว่าท่ีอ่ืน,,,
11398,อาหารดี บริการยอด แกงเหลืองปูไข่สุดแซ่บ,,,
11403,เผ็ดทุกสิ่งที่เลือกสรร,,,
11419,ไม่ลองไม่รู้,,,
11420,สูตรโบราณไม่เหมือนใคร,,,
11431,ผิดหวังมากที่สาขานี้,,,
11432,เป็ดปักกิ่งกับปลิงผัดอร่อยครับ,,,
11438,อาหารอร่อยมาก,,,
11439,ชอบแหนมเนือง หมูยอทอด แล้วก้อกุ้งกระเบื้องค่ะ ราคาไม่สูงมาก แอร์ก้อเย็นดี ไปกินบ่อยค่ะ ^^,,,
11440,อาหารอร่อยดีค่ะ สะอาด แต่ราคาสูงไปหน่อย,,,
11444,อร่อยมากเลยค่ะ,,,
11445,ร้านเก่าย่านราชวัตร กลางวันขายขาหมู กลางคืนขายข้าวต้มปลา แบบต้มยำ,,,
11446,ร้านเก่าแก่เกิน 20 ปี ดังหอยลายขนมปังกระเทียม ฟองดู เบียร์เย็นๆ,,,
11447,ร้านคอเหล้าเคล้ากับแกล้ม สไตล์ข้าราชการ แบบเบิร์ดๆ ,,,
11448,เผ็ดแซบ หลากหลายกับข้าวไทย เปิดมานานแสนนาน,,,
11449,กับข้าวไทย คนแน่นทุกวัน ลองเนื้อปูผัดพริกถั่ว ฯ,,,
11452,อร่อยยยยยมาก,,,
11455,อาหารทะเลสดใหม่ ขนมหวานอร่อย รสชาติอาหารโดยรวมอยู่ในเกณฑ์ดี,,,
11457,เส้นปลาต้มยำทรงเครื่องรสจัดจ้านต้องลอง,,,
11462,ข้าวหมกไก่และซุปร้านนี้อร่อยมากคะ..,,,
11464,Toilets are so nice but lots of mosquitoes. recommended to reserve table on fri-sat as there's quite lots of ppl to hang around.,,,
11465, ร้านนี้ของมีให้เลือกเยอะครับ,,,
11466,อร่อย แ้วราคาไม่แพงครับ,,,
11467,รู้สึกว่าราคาสูงไปหน่อยเมื่อเปรียบเทียบกับคุณภาพ,,,
11470,อาหารไทย รสจัด อร่อยมากๆ,,,
11472,อร่อยดีจ๊ะ,,,
11473,บรรยากาศดี,,,
11474,จุดเด่นร้านนี้คือกุ้งกรอบครับ. อร่อยมากมาย,,,
11479,อร่อยมาก. สไปซี่กุ้ง ดราก้อนมากิ. โอจิ มากิ สุโก่ย,,,
11480,ร้านทำใหม่แต่บริการแย่เหมือนเก่า อาหารช้ามากกกกก,,,
11501,อาหารราคาไม่แพง แต่ไวน์ส่วนใหญ่ราคาต่ำสุดประมาณ900+ แนะนำพาสต้า และปลาในไวท์ซอส พิซซ่าก็อร่อย,,,
11502,อาหารอร่อย....แนะนำหอยแครงทรงเครื่อง,,,
11508,กาแฟเจ้าอร่อย ^_^,,,
11511,ผมว่าอร่อยพอใช้ได้. แต่ไม่ที่สุด. ไม่เลวร้าย,,,
11512,อร่อยครับ กินเช้าๆ,,,
11520,ร้านสวย ดนตรีเจ๋ง บรรยากาศดีมาก ราคาเป็นกันเอง ที่สำคัญเจ้าของร้านน่ารักมากซ์ ,,,
11523,กินแล้ว ไม่ค่อยอร่อยอ่ะ,,,
11524,อร่อยมากค่ะ,,,
11529,รสชาติแย่มาก หนังก็ไม่อร่อย  ไปรอคิว ผิดหวังมาก,,,
11530, อร่อยกำลังดี กินทุกครั้งไม่ผิดหวัง ,,,
11532,อร่อย เป็นกันเอง ย่างจิ้ม ลาบหมู ยำหลดบัว ต้องสั่งทุกครั้งที่มา,,,
11533,ข้าวคลุกกะปิ & น้ำพริกลงเรือ อร่อย,,,
11536,ชอบครับ กินประจำ แต่เสียตรงที่จอดรถไม่มี ต้องไปดึกๆถึงจะสะดวก,,,
11543,แนะนำไปกินตอนเที่ยงครับ ถูกและอร่อยมาก ราคาไม่ต้องพูดถึง 150-180 บาทต่อเซ็ต,,,
11545,ร้านสุกี้ที่มีสาขามากที่สุดในประเทศไทย อร่อยและสนุกที่ได้ทำเอง,,,
11548,อาหารทะเลสดๆ ราคาประหยัดต้องร้านนี้ครับ,,,
11553,อาหารใช้ได้ ตอนเช้ากับกลางวัน มีออกมาตั้งซุ้มขายข้าวแกงแยกต่างหากในราคาที่รับได้,,,
11554,เป็นอาหารชาวเหนือข้าวซอยอร่อยราคา35บาท(ไม่รู้ขึ้นยังนะ) ส้มตำก็อร่อยครับและอีกหลายอย่าง,,,
11555,ร้าน. ดองเจียนี่. โรงแรมเซนทรัล. โซฟีเทล ลาดพร้าว  อาหาร. อิตาเลี่ยน. อร่อยมาก. ,,,
11557,อร่อยดีครับ. เดี๋ยวนี้เปิดเที่ยงวันยันเที่ยงคืน ไม่ต้องคอยนานเหมือนก่อนแล้ว คุ้มราคามาก,,,
11563,ขอแนะนำเค้กร้านนี้อร่อยมาก,,,
11564,thai retro style restaurant. fair taste and not too expensive. ,,,
11566,a good reataurant for friday and weekend dinner. a litle bit too near to the intersection.,,,
11572,ชอบทุกอย่างเลย เมนูหลากหลาย วันนี้มีปลาแซลมอนเผาด้วย ละลายในปากเลย!!! สุดๆๆ :3 ,,,
11579,รสชาติดีและมีเมนูตามสั่งอีกหลายอย่าง,,,
11594,ปลาสด ลูกชิ้นอร่อย น้ำจิ้มสุดยอด,,,
11597,lovely food :-),,,
11598,พนักงานบริการไม่ดี โดยเฉพาะชั้นสอง,,,
11599,อาหารอร่อย โดยเฉพาะสลัดปูน่ิม.,,,
11600, อร่อยยมากก,,,
11604,น้ำซุปเข้มข้น อร่อย เสียอย่างเดียวทำช้าไปหน่อย ช่วงพักเที่ยงคนเยอะ ต้องอดใจรอหน่อยนะครับ,,,
11606,ปลาสด ลูกชิ้นอร่อย น้ำจิ้มรสเยี่ยม,,,
11608,อร่อยจริงๆ ชอบปลาหมอทะเลมั๊กมั๊ก ก๋วยเตี๋ยวปลาก็สด ลูกชิ้นอร่อย น้ำจิ้มกลมกล่อม,,,
11612,ราคาถูก แต่ของเด็ดคือน้ำจิ้มคับ และไม่เคยมีที่ไหนทำปลานินเผาแล้วไม่คาว ที่นี้หอมสมุนไพรมาก ,,,
11613,สะอาด อร่อยมากกก :),,,
11615,แกะที่นี่แล่และเลาะเนื้อมาให้เรียบร้อย fish curry หอมอร่อยดี,,,
11623,Chocolate ร้อนอร่อยมาก ทานคู่กับ Shibuya Huney Toast หรือ Chocolate Lava,,,
11625,อร่อย คุ้ม เป็นกันเองมากๆ แนะนำกันมาแบบปากต่อปากทั้งนั้น ผมชอบ fish and chip กับ spagetti olio อะไรสักอย่าง ,,,
11628,แซ่บ. ตาหลุด. ,,,
11631,ร้านอาหารญี่ปุ่นเล็กๆ ที่นี่เน้นอาหารประเภท katsu ต่างๆ ครับ,,,
11635,สุกี้โบราณ อร่อยดีครับ เนื้อหมูนุ่มๆ ไปมาบ่อยเหมือนกัน,,,
11638,แวะนั่งได้ ชิลล์ๆ,,,
11641,บุฟเฟต์ท่านละ699ห้องริมกระจกวิวทางด่วน,,,
11645,เอานั่งไว้เวลาหิว.,,,
11647, ไก่ย่างเครื่องแงบอมเบย์:),,,
11648,ไก่ทอดอร่อยมากกินกับข้าวสวยร้อนๆ,,,
11649,น้ำซุปเข้มข้น เส้นเหนียวนุ่ม,,,
11650,รสชาติดี ไม่ค่อยมีกลิ่นเครื่องเทศ,,,
11652,บรรยากาศดี ริมคลองธรรมชาติ,,,
11658,อาหารถูก เบียร์ถูก บรรยากาศดี มีโต๊ะPool,,,
11661,อร่อย ไม่แพง ปลื้มน้ำพริกลงเรือสุดๆ,,,
11663,ขนมผัดกาดอร่อย อย่างอื่นเฉยๆ รายการอาหารติมซำมีให้เลือกน้อย ,,,
11666,homemade bakery ส่วนอาหารมีแค่บ้างวัน. มีทั้งอาหารไทย ฝรั่ง fusionแต่อาหารไม่มีทุกวัน. ควรโทรสอบถามก่อน,,,
11673,แซ่บ ส้มตำทอดอร่อยมาก,,,
11679,ก๊วยเตี๋ยวน้ำตกหมูสด/ตุ๋น เนื้อสด/ตุ๋น ชามละ12บาท อร่อยมาก !,,,
11680,ร้านตรงริมนํ้าไม่มีเเล้วครับ,,,
11681,อร่อยจริงๆ ต้องลอง,,,
11684,อร่อยคับ สะอาด,,,
11685,ราคาไม่แพง,,,
11689,อาหารอร่อยมาก สะอาด บรรยากาศดี เจ้าของร้านอัธยาศัยดี เป็นกันเอง โดยเฉพาะราคาไม่แพง ,,,
11690,อาหารอร่อยมากๆ ราคาไม่แพงด้วย ลูกค้าส่วนใหญ่เป็นต่างชาติ อาหารหลากหลายด้วย แวะไปชิมกันนะคะ,,,
11701,เมนูแนะนำห้ามพลาดของร้านนี้นะคะ$-ข้าวผัดกุ้ง$-ข้าวผัดหมูทอด$-บะหมี่น้ำหมูทอด$-เสี่ยว หลง เปา ไส้ปู,,,
11702,ซุปเยื่อไผ่ เป็ดปักกิ่ง อร่อยมาก,,,
11703,อร่อยมากๆค่ะ ร้านนี้เขาทำใหม่ๆทุกวัน เวลาไปซื้อกลิ่นขนมลอยออกมาจากร้านเลยอ่ะคะ กินแล้วติดใจเลยค่ะ,,,
11711,อร่อย บรรยากาศดี,,,
11712,good shop kub. ,,,
11717,บรรยากาสดีๆ. แบบ cowboy น่ารักๆ. สงบ. ส่วนตัวดี. อาหารใช้ได้. คุ้มราคา รสชาติอร่อย 3-4 ดาว,,,
11719,ชอบร้านนี้อร่อยดี ถั่วงอกอร่อย กรอบ สด เส้นนุ่ม ไม่ชอบที่อยู่ข้างถนนกลัวไม่สะอาด,,,
11724,เพลงใช้ได้ครับ สนุกมาก,,,
11726,one of the best coffee shop at Surathani!,,,
11730,อาหารอร่อยราคาไม่แพง แต่อยู่ในซอยถ้าไม่ใช่คนในพื้นที่ อาจจะมองไม่เห็น,,,
11734,ก๋วยเตี๋ยวค่ัวไก่อร่อย แต่ชอบเต้าทึงมากๆ,,,
11735,แกงค่ัวหอยขทอร่อยมาก สด หอม กลมกล่อม แต่โดยรวมแล้วราคาอาหารท่ีน่ีค่อนข้างแพงคะ,,,
11737,ช่ือไก่แก้วแต่ขายก๊วยเตี๊ยวเป็ด อร่อยจิงๆนะเออ ส่ังเกี๊ยวทอดก็แซบหลาย ไส้ก็สดใหม่ กินแล้วจะติดใจ ,,,
11738,อร่อย สะอาด ไก่ทอดคือสุดยอดมากๆส้มตำก็เด็ด. ราคาสมเหตุสมผลคะ,,,
11740,เค้กโกวิทย์ในเครือเจ้าตำรับเค้กสามรส จำหน่ายขนมเค้กหลากหลายรสชาติ,,,
11743,อร่อยมากๆๆๆที่สุด เป็นร้านอาหารเวียดนามที่อร่อยที่สุดเท่าที่เคยทานมา,,,
11746,ปลาดิบอร่อยค่ะ ไปช่วงเที่ยงจะมีชุดเซ็ตด้วย ,,,
11758,ช่วงนี้กินบ่อยมาก แต่ถ้าจะให้คุ้มต้องสั่งเป็นเซ็ตนะ ถูกกว่าสั่งปกติหลายสิบบาทเลย,,,
11766,รสชาติอร่อยสุดยอด. รอนานกว่าจะได้ทาน. ราคาสูงไปนิด,,,
11768,เมนูหลากหลาย. ไก่ทอดอร่อย. มีบริการส่งด้วย,,,
11774,อาหารทานเป็นกลุ่ม 3-5คน รสชาติดีครับ สั่งได้ไม่ผิดหวัง เช่น ข้าวหน้าเนื้อ สุกี้ อร่อยมากราคา 300/1ท่าน,,,
11775,อาหารไทย-อีสานรสแซ่บ  ตรงข้ามกับเมเจอร์ซีนิเพล็กซ์ รามคำแหง รามคำแหง ,,,
11776,ชอบความเก่า. บริการเร็วดี,,,
11777,อร่อยแต่น้อย,,,
11778,อาหารพื้นเมือง รสชาตไม่เผ็ดมาก ราคาไม่แพงครับ,,,
11779,อร่อยแบบ. mk. สิ้นเดือนคนเยอะมาก,,,
11782,อาหารทะเลสด อร่อยต้องรองไปกินกัน ร้านถ้าไม่เคยมาหายากนิดนึง ถ้าหาไม่เจอรองหาจากคนพื้นที่ดู,,,
11794,ไก่สับชิ้นใหญ่ไม่ทุบ น้ําจิ้มสูตรเฉพาะรสชาตไม่ซ้ําใคร ข้าวมันหอมๆพูนจาน,,,
11796,ปากซอยที่ขายก๋วยเตี๋ยวเป็ดเยอะๆ เย็นตาโฟลูกชิ้นปลา ปอเปี๊ยะสด เกี๊ยวซ่า,,,
11800,แกงเขียวหวานปลาแซลมอนอร่อย,,,
11801,อร่อยมากครับ,,,
11808,หิว. !!!มาก,,,
11815,อร่อยมาก. แป้งสั่งได้ นุ่ม กรอบ. ชอบมากคะ,,,
11817,อาหารแนะนำราดหน้า/ผัดซีอิ๊วทะเล ทอดมันปลากรายและเป๊าะเปี๊ยะกุ้ง ยังมีอีกหลายเมนูให้ลองชิม,,,
11830,อาหารรสแซ่บราคาถูก,,,
11838,เนื้อดี น้ำจิ้มดี  ไม่เสียดายตังค์อะ ไปกินเหอะ,,,
11839,junk and waste the money -_-,,,
11842,อร่อย รสชาติถึงเครื่องมากๆ ราคาย่อมเยาว์,,,
11843,อร่อยดี แต่ร้านลึกลับไปหน่อย,,,
11844,อาหารพอใช้ แต่แพงไม่สมราคา บรรยากาศดี แต่พนักงานหน้าหงิกทุกครั้งที่ไป,,,
11846,food is so expensive but nice tastedthe music was not sang by professionalcheck bill process is not satisfied.,,,
11850,อร่อยดี ราคาไม่แพง,,,
11853,ร้านอยู่ซอย สุขุมวิท 65 นะคะ อยุ่ขวามือมีขาย พายหลายแบบ สไตล์ฝรั่ง,,,
11855,ผมซื้อแต่เอแคล์ครับครั้งละ3กล่อง อร่อยดีย่ิงวันเสาร์-อาทิตย์ไม่โทรจองก็หมดตั้่งแต่บ่ายโมงแล้วครับ,,,
11857,อะร่อยมากครับบ,,,
11861,บรรยากาศดี อาหารใช้ได้ เพลงเพราะ แต่แอบยุงเยอะน๊าา,,,
11867,High Quality & Tasty of both Authentic Thai and Western food (Access to the hotel only by hotel's shuttle boat from Phra Arthit Pier-N.13 and Watrajathivas Pier-Soi SamSan9) Please call to reserve your table in advance !,,,
11869,อร่อยมาก เพราะอยู่แถวบ้านค่ะ,,,
11872,ขาหมู ไข่เจียว  เต้าฮวยนมสด ฟรุ้ตพันช์ สละลอยแก้ว สุดยอด!!!,,,
11873,เมนูนี้กินทุกเดือนอ่ะ ชอบมาก,,,
11876,coffee is good ka,,,
11878,แม่ค้าอัทยาศัยดี  รถมือคงที่ ส้มตำหลากหลายตามฤดู,,,
11879,บรรยากาศดี,,,
11882,ชอบค่ะ ชอบการแต่งร้าน บรรยากาศ ราคาก็ไม่แพงค่ะ...  ส่วนตัว จะชอบไปนั่งตรงโซนกาแฟค่ะ ,,,
11888,เฉยๆครับ ยังไม่โดน ราคาแอบแรง คนเหนือคอนเฟิร์ม,,,
11891,Overall food tasedlocation and service are excellent especially favorite menu Kung hunsa,,,
11895,ข้าวปั้นหน้าปลาซัลมอนชีต,,,
11896,อร่อยดีค๊ะ,,,
11900,บรรยากาศดีครับ น่ามานั่งเล่นดูสาวๆ กาแฟเฉยๆ ให้คะแนนเพราะสาวๆครับ อิอิ,,,
11901,The most and the most restaurant where u can enjoy with quality of food as well as service. Best recommended is steamed fish fillet filling inside is shrimp. Reservation on weekend is suggested.This is fabulous restaurant that u should try before u die,,,
11908,ร้านนี้ปราบปลื้มกับชีทโบ๊ทมากค่ะ เดินผ่านทีไรต้องจัดไปทุกที,,,
11909,ร้านอยู่ถ.พระรามสามตรงข้ามวัดดอกไม้ ย้ายมาจากสุรวงศ์ อาหารวันนี้รสออกเค็มไปนิด ,,,
11912,กินแล้วเจอเล็บ-*- ตกใจทำหล่นเลยไม่มีหลักฐาน จะอ้วก,,,
11920,ชิวมากๆอีกแนวของข้าวสาร. ราคาก็ถูก,,,
11921,อร่อยจริงๆ ไปชิมมาแล้ว ,,,
11924,ไปมาแล้ว ผิดหวังมากพอสมควรครับ,,,
11926,ที่เซ็นทรัลสีลมค่ะ,,,
11927,งงจังทำไมร้านนี้ได้แค่สองดาว,,,
11928,เค้กโรล ไส้ผลไม้ @silom complex,,,
11929,บรรยากาศสบายๆเหมือนอยู่ที่บ้าน คนที่ติดหรูหน่อยอาจะไม่ค่อยชอบนะค่ะ แต่อาหารรสชาติใช้ได้เลยค่ะ,,,
11930,บรรยากาศดีและเป็นกันเองดีมาก แต่อยากให้ปรับปรุงเรื่องการบริการสักนิดก็ลงตัวครับ,,,
11935,ข้าวผัดเฉยๆ แต่กระเพราะปลาอร่อย ถ้าเอากระเพราะปลา ราดข้าวผัด ขอบอกว่า อร่อยสุดๆ ^^,,,
11936,อร่อยทุกอย่างเลย >_<,,,
11937,อาหารอร่อยนะ มีสปาปลาฟรีด้วย แต่ราคาค่อนข้างแพง,,,
11938,อาหารไทย-เวียดนามอร่อยมากกกกก บรรยากาศดีสุดๆ ต้องลองคร๊าบบบ,,,
11940,อร่อยดีค่ะ อาจจะไกลไปหน่อย แต่บรรยากาศดี มีเพลงฟังชิวๆค่ะ,,,
11951,ราคากลางๆ อาหารอร่อยไม่กั๊กเครื่อง อิ่มอร่อยพุ้มราคา แนะนําปลาทับทิมทอดกระเทียม ต้มยํากุ้งแชบ๊วย,,,
11957,อร่อยมากๆๆ ค่ะ ,,,
11969,เนื้อนุ่มมาก เส้นเล็กก็เหนียวนุ่ม ขนมหวานแนะนำถั่วแดงค่ะ ^^,,,
11970,เส้นอร่อยมาก,,,
11976,เดี๋ยวนี้เปลี่ยนเป็น big c extra ไปซะแล้ว แต่รสชาติเหมือนเดิม,,,
11978,มีทั้ง sushi boat และแบบนั่งโต๊ะเหมือนฟูจิ  คนไม่แยะ น้ำvanila sky ก็โอนะ,,,
11979,เบียร์อร่อย!!!! ,,,
11984,อร่อยมากเลยครับทานมาแล้ว คนเยอะตลอดเลย,,,
11986,นานสุดๆแต่ก็อร่อยพอประมาณ,,,
11988,ร้านหมูกระทะที่ได้มาตรฐาน ราคานักศึกษา รสชาดดี มีโปรโมชั่นเปลี่ยนแปลงตลอดเวลาเพื่อรองรับลูกค้า,,,
11995,อาหารอร่อยดียะคับ,,,
11999,อาหารอร่อยครับบ,,,
12001,เจ้าของร้านใจดีมาก. มีอาหารอีสานด้วย. ,,,
12002,หมูบางมากกกกกกกก. แบบว่าคีบอาจขาดได้ แต่อร่อยมาก,,,
12010,คากิ สุดยอด ไปช้า อด,,,
12011,อร่อยมากครับ แต่สำหรับคนกินเยอะอย่างผม จานเดียวยังไม่อิ่มครับ แอบให้น้อยไปนิดนึง,,,
12016,It's a nice and cozy coffee shop around here. Hot cappucino with caramel syrup's my fav cup. They also have a variety and unique recipe of homemade cake and cookies. I luv cake-bai-toey!!!Pls be noted that they close on Sunday.,,,
12018,สด สะอาด อร่อย กินง่าย น้ำจิ้มสุดยอดดด,,,
12029,ตอนนี้ปิดไปแล้วนะครับ,,,
12034,all ukulele are free for play here,,,
12043,good music on sat 18:00-21:00,,,
12050,Green tea soft cream!! is great,,,
12052,หมี่ผัก. เป็ดย่าง สุกี้เซตเห็ด สาหร่ายวากาเมะ เป๊ะมว๊ากกกกก,,,
12053,รอนานมากครับกว่าจะได้ทานแต่ก็อร่อยครับ,,,
12054,ไปทานตั้งแต่เด็กจนทุกวันนี้ก็ยังอร่อย,,,
12056,ทั้งรสชาติและราคา. ok ครับ,,,
12060,ความอร่อยพอประมาณ ไม่โดดเด็ด เน้นบรรยายกาศมากกว่า ราคาจัดว่าแพงไปหน่อย รสชาติก๋วยเตี๋ยวออกรสเปรี้ยวนำ,,,
12063,nice place free wifi,,,
12068,อร่อยสมคำล่ำลือจิ๊ง...จิง. รอม่ะนานเลย!,,,
12070,เพลงเบาเบา. นั่งสบาย,,,
12072,เคยกินแล้ว พอได้ๆๆ,,,
12083,บะหมี่ยำ เล็กยำ ทอดมันหมูเด้ง @เต็กกอ จูเนียร์ นครปฐม ใกล้ ม.ศิลปากร ราคานักศึกษา :D,,,
12090,good...........,,,
12091,ไม่่เคยกินหรอก  แต่รู้ว่าอร่อย,,,
12094,อาหารอร่อยทุกอย่าง บริการดี บรรยากาศก็ชิวๆ เเถมเจ้าของร้านใจดีด้วย,,,
12096,ต้มยำแห้ง+น้ำซุป,,,
12098,ไม่อร่อยเลย (เขียนย้อนหลัง)...  :( ,,,
12100,เคยสั่งมากินแล้วอร่อยดีคับ บริการเร็วดี ,,,
12101,พอกินได้ กุ้งเทม ออกช้า เติมอาหารช้า,,,
12103,พวกยำอร่อย,,,
12108,อาหารไทยแบบเหมือรทำกินเองที่บ้าน รสชาติอร่อยดี ;),,,
12110,อาหารรสชาตอร่่อยมากครับ,,,
12114,กุ้งสดอร่อย อาหารรสชาติดี ติดริมแม่น้ำบรรยายกาศดีมาก แต่ที่จอดรถไม่ค่อยสดวกนัก พนง.ไม่ค่อยทั่วถึง,,,
12117,อร่อยมากกก,,,
12125,อร่อยดีครับอยู่ใกล้บ้านผมดี,,,
12126,เราว่าที่นี่ปูดองอร่อยสุดในแถบนี้แล้วล่ะ ;),,,
12128,ก๋วยจั๊บญวน อร่อย!,,,
12136,ร้านจวนทองที่นนทบุรีเลิกกิจการไปนานแล้วครับ,,,
12137,อร่อยแน่นอน,,,
12138,ร้านแมงสาบในตำนาน,,,
12141,อร่อยมาก หมูสับ เป็นหมูเด้งเลย,,,
12143,ปิดร้านแล้วนี่ค่ะ,,,
12156,สปาเก็ตตี้คาโบนาล่า หวานๆ เส้นแข็งไปหน่อย โดยรวมโอเค,,,
12157,ตั้งอยู่บนถนนศรีนครินทร์ ติดกับฟู๊ดแลนด์ อร่อย สะอาด ที่จอดรถเพียบ,,,
12160,honey toast is a must. ต้องลองฮันนี่่โทส,,,
12164,ร้านป้าสุ ตั้งอยู่บนถนนสุขุมวิท ซอยสามสิบแปด $เป็นร้านอาหารตามสั่ง,,,
12173,ผมชอบมากครับ ปิดร้านประมาณตี1 เผือกทอดเป็นทีเด็ดเลยครับ กรอบจริง อร่อยจัง,,,
12174,Bibimbub ไม่ค่อยอร่อย แต่ไก่ตุ๋นโสมอร่อยดี ;),,,
12175,อาหารอร่อย ราคาถือว่าถูกในย่านนี้ มาร้านนี้รับรองไม่ผิดหวังค่ะ โดยเฉพาะลาบหมู อร่อยมาก,,,
12177,ลืมบอกไปว่า ร้านนี้เปลี่ยนชื่อเป็น "ส้มตำพันล้าน" แล้วนะคะ,,,
12181,อร่อยได้มาตรฐาน รวดเร็วดีค่ะ,,,
12184,lunch @ Rurin pork steak with peppercorn sauce ... serve with garden salad and orange mustard dressing,,,
12188,น่ากินมากกกก. ค๊ะ. ขนาดกินไปแล้วน๊ะเนี๊ย55,,,
12190,อร่อยใช้ได้เลยครับทานร้อนๆแบบก๋วยเตี๋ยวผัดหน้าโรงเรียน ราคาไม่แพงครบทุกรสชาติ,,,
12192,that's an awesome coffee shop.,,,
12197,รสชาติใช้ได้ ขนมถ้วยอร่อย ถ้ามาเสาร์-อาทิตย์ คนจะแยะ เค้ามีอาหารตามสั่ง หอยทอด ลูกชิ้นให้เลือกด้วย,,,
12199,อาหารอร่อยทุกอย่าง โดยเฉพาะประเภทยำ พะแนง  พูดคุยกันเอง บรรยากาศโอเค ครับ,,,
12200,ร้านนี้มาดามน่ารักมากค่ะ ใจดีบริการดี นั่งนานได้ด้วย,,,
12203,บรรยากาศ ชิวมาก นั่งทำงานฟังเสียงนำ้ไหล สุขไดจะเท่านี่ :),,,
12206,สุกี้อร่อยมากกกกก,,,
12212,กาแฟสดหอมกรุ่น เครื่องดื่มร้อนเย็น อาหารว่างหลากหลาย ในบรรยากาศบ้านและสวน,,,
12213,อร่อยมากคับ บุฟเฟ่ห์เนื้อ หมักและไม่หมัก,,,
12214,อร่อยสุดๆ นะร้านนี้,,,
12216,อร่อยดีราคาไม่แพงถ้าเทียบกับร้านแถวสยาม. ของสดปลานกลาง. ให้วาซาบิก้อนใหญ่ดีชอบ,,,
12220,ขนมชั้นนุ่ม อร่อย หอมหวาน แช่เย็นได้ไม่แข็ง ได้เชลล์ชวนชิม และรางวัลอื่ยๆอีกมากมาย,,,
12221,aroii lhor?,,,
12222,เนื้อแกะทอดกระเทียมราดข้าวอร่อยมั๊กมั๊กคอนเฟริมค่ะ. ;),,,
12223,เปลี่ยนชื่อร้านไปเรียบร้อยแล้ว เจ้าของญี่ปุ่นถอนหุ้นไปเรียบร้อย,,,
12224,ร้านนี้กินตั้งแต่เด็กๆ เลยอ่ะ. อร่อยมาก ก๋วยเตี๋ยวนำ้ก็อร่อย ราคาก็ไม่แพงด้วย,,,
12226,มักโรนีชีสกุ้ง. อร่อยมากค่ะ ถูกไจจิง!,,,
12237,ร้านนี้อาหารอร่อยคะ สดไม่แพ้ร้านอาหารต่างจังหวัดแถวๆทะเลเลย :),,,
12245,ร้านใกล้บ้านดีค่ะ,,,
12254,ชานมมะลิไข่มุกหวานไปหน่อย ไข่มุกเม็ดเล็ก,,,
12267,กินแก้ร้อนในสำหรับคนไม่สบาย,,,
12270,ตอนนี้รวมกับบัวไปเรียบร้อยแล้วค่ะ  อาหารน้อยลง มีเมนูง่ายๆ สลัด พิซซ่า สปาเก็ตตี้,,,
12273,ขนมปังเนื้อนุ่ม นม เนย หอมเยิ้ม เมนูโปรดปรายมากค่ะ,,,
12287,one of the best steak house im bamgkok. classic and elegant. go for steak (appetizer not that good),,,
12292,อร่อยมากกกไม่ควรพลาดร้านนี้...แนะนำ แนะนำ,,,
12294, great food i like it,,,
12297, ชอบกินกันทั้งบ้าน $ไปไม่ต่ำกว่า 4 ครั้งต่อเดือน$ดูจากท่าทางการกินแล้ว ตั้งหน้าตั้งตากินกันทุกคน,,,
12300,ข้าวผัดปูอร่อย ปลาสำลีเผาก็อร่อย,,,
12301,อร่อยดีค่ะ,,,
12302,อร่อยดีค่ะ,,,
12303,อร่อยมากก^^,,,
12309,ในตลาดหลังเซเว่นครองรั้ง เจ้าเก่า,,,
12321,มาทานบุฟเฟ่อิ่มมากเลยครับ เนื้อลายกับสันคอหมูย่างอร่อยสุดๆ น้ำจิ้มก็อร่อยครับ,,,
12326,ผัดสดกรอบอร่อย,,,
12328,อาหารอร่อยดีค่ะ..มีห้องคาราโอเกะด้วย เสียดายไกลบ้านไปหน่อย ^^,,,
12329,อร่อยครับเจ้านี้ ;) ข้าวไม่มันมาก ไก่นุ่ม ราคาก็โอเครคับ,,,
12336,อาหารอร่อยดี ชอบทูน่าสลัด ติดใจนํ้าสลัดม๊ากของหวานต้องยกนิ้วให้ tree box (orange)ถูกใจสุดสุด มีกลิ่นส้มเย็นหน่อยๆ,,,
12347,favolite food,,,
12355,ไอติมอร่อย ร้านสวย ^^*,,,
12356,จัดเต็มๆ คาปูเย็นค่ะ,,,
12363,อาหารอร่อยและหลากหลาย ราคาสบายกระเป๋า แต่ติดตรงที่จอดรถลำบากไปนิด,,,
12365,ซุปรสชาติเค็มไปนิดนึง. แต่บริการดีมาก,,,
12366,ไปกินมาแล้ว. ของเค้าอร่อยดี. ใช้วัตถุดิบอย่างดี. แต่ราคาอาจจะแพงไปหน่อย,,,
12369,มีเนื้อ กวาง จระเข้ นกกระจอกเทศ และสารพัดสัตว์ ราคาสูงแต่อร่อยไม่เสียดายตังค่า,,,
12380,อร่อยย!อ้วนนน!55,,,
12381,HBD" mY friend ,,,
12383,ร้านน่ารักมากเลยค่ะ เครื่องดื่มกับเค้กก็อร่อย มีwifiให้เล่นฟรีด้วย,,,
12385,ร้านขายข้าวแกงที่ร้านสะอาดตา อาหารอร่อย มีมากกว่า 20 รายการ บางวันไปสาย ของหมด,,,
12387,เป็นร้านที่อร่อย สามารถซื้อไปฝากคนอื่นได้แบบไมอายเลยทีเดียวคับ,,,
12388,อร่อยที่สุด อร่อยทุกอย่าง ไม่ห่วงเครื่อง เหมือนทำกินเองที่บ้าน พูดได้คำเดียวว่าห้ามพลาด,,,
12389,อาหารรสชาติใช้ได้ แต่ราคาแพงไปหน่อย,,,
12390,พิชช่าเวียดนามอร่อย ส้มตำก็ใช้ได้ ราคาก็โอเค,,,
12391,พิชซ่าอร่อย สปาเก็ตตี้ก็ดี ส่วนซีซ่าร์สลัดน้ำสลัดขมไปนิดนึงคะ ราคาไม่แพงมาก,,,
12392,อาหารหลากหลายดี ราคาพอเหมาะ เหมาะกับครอบครัว,,,
12393,HOBS ทองหล่อ เบียร์อร่อยค่^_^,,,
12761,อาหารแนะนำคือ ขนมกุยฉ่ายทอด ขนมหัวผักกาดทอด บะหมี่ปลากระพง รสชาดดีแต่ราคาค่อนข้างแพงระดับภัตตาคารจีน $,,,
12846,บรรยากาศดี ร้านอยู่ใกล้ถนนใหญ่ เดินทางง่าย ห้องน้ำสวย อาหารรสชาติใช้ได้เลย ,,,
12898,ช่วงกลางวันคนเยอะมักๆๆ สั่งกินที่ร้านจะได้เร็วกว่ามาสั่งใส่ถุงช่วงกลางวันอะ,,,
13009,แนะนำเมนู ยำเงาะค่ะ อร่อยดี$$คำเตือน ระวังเมนูยำผักบุ้งกรอบ 1.ไม่ใช่ผักบุ้ง 2.อมน้ำมันสุดๆ,,,
13047,good place to hang out with friends and socializing. Ambiance: Very cozy and chillingCocktail: Great - Stawberry yogurt soju!!!. Food: DecentService: goodPeople: Upscale,,,
13051,รสชาติไม่อร่อยเลย ขนมของจริงไม่เหมือนในรูป,,,
13058,อร่อยทุกอย่างเลย,,,
13063,ร้านอาจจะดูเก่าไปหน่อย แต่บรรยากาศร้านดีมากครับ อาหารอร่อย มีห้องคาราโอเกะด้วยครับราคาก็ไม่ค่อยแพง ,,,
13064,อาหารรสชาติไม่จัดจ้าน ถ้าคนชอบทานรสจัดแนะนำร้านอื่นค่ะ,,,
13078,ปลาช่อนทอด กับ ฮอยจ้อ อร่อยทาก,,,
13082,ต้องสั่งพวกปลาราดพริก. ดูได้จากมีรูปรีวิว. จากพากดาราที่ยปกิน. อันนั้นลขที่สั่งแล้วอร่อย,,,
13087,ร้านใหม่เลยสนามกอฟมา 500 เมตรได้ ฝั่งเดียวกับสนามกอฟ...ขอเปิบก่อนน้าาาา,,,
13097,ร้านนี้ผมไปทานบ่อยมากเวลาไปราชบุรี อาหารอร่อยทุกเมนูครับ ถ้าไปแถวบ้านโป่งผมแนะนำร้านนี้เลยครับ,,,
13116,ลองดูแล้วจะติดใจครับ,,,
13118,ร้านอาหารเก่าแก่ บรรยากาศธรรมดาสบายๆ เเนะนำเปาะเปี้ยะสด ก๋วยเตี๋ยวหมูสับ อีหมี่ อร่อยค่ะ,,,
13123,อาหารเหนืออร่อย รสชาติจัดจ้าน ประเภทพาสต้าก็อร่อยมาก ฝรั่งชมแล้วชมอีก,,,
13126,ทางร้านไม่มีwifi แต่่มีwifi ของทรูและais ,,,
13131,pizza อาจรอนานไปนิด แต่รสชาติคุ้มค่าการรอคอย,,,
13134,ที่ไปทานมาอาหารอร่อยดีครับ ลาบเป็ดทอดรสชาติดีมากครับ ,,,
13150,อาหารอร่อยค่ะ บรรยากาศร้านตอนเย็นๆดีมากเลย ลองหาเวลาไปลองดูนะคะ,,,
13155,ของทุกอย่างค่อนข้างสดมากนะครับ,,,
13177,มีซื้อ2ชิ้นฟรี1ชิ้นด้วย,,,
13178,บรรยากาศภายในร้านเหมาะสำหรับนั่งทานอาหาร คุยกันเบาๆ,,,
13180,ร้านของหวานสไตล์ฝรั่งเศส ร้านตกแต่งน่ารักมากคะ ของตกแต่งภายในร้านออกสไตล์ฝรั่งเศสทั้งหมด ,,,
13189,ย้ายร้านเก่าไปอยู่ในซอยเดิม. แต่ลึกเข้าไปอีก,,,
13214,ก๋วยเตี๋ยวราดหน้า แฮ่กึ๋น ผัดปวยเล้ง พลาดไม่ได้,,,
13228,ลองเพิ่มท๊อปปิ้งที่เราชอบด้วย จะมีความสุขเพิ่มขึ้นเวลากินนะ 555,,,
13229,เมนูไม่หลากหลาย. ตัวหนังสือเล็กมากไปไหนคนเสริฟฟังภาษาปะกิตไม่ออกสงสารฝรั่งใบ้มือกันน่าดู,,,
13230,นำ้พริกกุ้งเสียบกาแฟทุ่งคาโกโรโกโสไข่พ่อตา,,,
13246,เปลี่ยนเป็น about Hip แล้วครับ,,,
13261,แนะนำให้สั่งสเต็กร้านนานา และค่อยสั่งเครื่องดื่มร้านนี้คู่กัน สุดยอด :"D,,,
13264,great atmosphere great food great service. one of my fav of all time. a bit pricey but worth it,,,
13266,a bit pricey but great quality,,,
13267,อร่อยจริงๆ ราคาก็ไม่แพงด้วย มาแล้วต้องไม่พลาด แหนมเนือง กับหมูยอจ้า ,,,
13269,ข้าวหอมมากๆ ไก่ก็อร่อย,,,
13272,กาแฟรสชาติดีพอใช้ได้ มีไอศครีมของ iberry เค็กอร่อยพอสมควร เหมาะกับการนั่งคุยกัน,,,
13289,food is great. portions a bit small kinda like michilin star type. fancy and creative food. cocktails are a bit wierd unique and looks more like dessert. ,,,
13293,แนะนำหากมาคนเดียวนั่งโซฟาดำ นั่งกิน mj ชิวมาก อยากบอก,,,
13294,No AMEX Credit Cards accepted,,,
13297,this place is good for chilling out but food isnt as good as the first time i came here! ,,,
13299,เป็นสาขาที่ปวดหัวทุกครั้งที่ใช้บริการ เพราะเปิดเพลงเสียงดังมาก แถมลำโพงยังแตก และเปิดเพลงแนวโวยวาย,,,
13300,ราคาแพง สําหรับนักศึกษาตกแต่ร้านดี,,,
13304,การใช้ technology เช่นใ้ปาล์มรับ order ส่งไปยังครัวและ cashier ร้านดูสะอาด แม่ครัว&พนักงานหญิงมีผ้ารวบผมเป็นระเบียบ,,,
13309,ร้านประจำอาหารอร่อย แต่ไม่น่าเปลี่ยนเชฟเลยหล่ะ อาหารรสชาติเปลี่ยน คนละสูตร ต่างกันลิบลับ,,,
13336,เย็นตาโฟปรับราคา 5 บาท เป็น 30-35 บาท ปริมาณมากขึ้น ความอร่อยเหมือนเดิม ,,,
13340,ปลาบู่นึ่งซีอิ๊ว / น้ำพริกมะขาม / ไก่เขย่า / ต้มยำปลากด,,,
13341,แนะนำแกงเหลือง มะระผัดกุ้ง ยำเห็ดใข่ต้ม,,,
13349,บรรยากาศ นั่งสบายๆ เหมาะกับสังสรรค์กับเพื่อนๆ,,,
13350,นั่งพูดคุยกัน นัดเจอกันสำหรับคนชอบนั่งแบบ เบา เบาค๊ะ...,,,
13365,ปลาเซลมอลอร่อยมากๆบุฟเฟ่ราคา269คุ้ม!,,,
13377,มาทานร้านนี้ต้องสั่งเผือกทอดด้วยนะค่ะอร่อยๆ,,,
13378,อร่อยมาก แต่แอบแพงนิดส์นึงอ่ะ ร้านเล็กๆ แต่อบอุ่นดี,,,
13381,ช่วงเดือนหน้า  1 ก.ย. - 31 ต.ค. นี้เขามี Promotion เป็ดปักกิ่งลด 50% lv[5kwfmuj 02 2714424 - 28,,,
13382,เป็ดปักกิ่งอร่อยที่สุดในโลก...ปลาหิมะย่างอร่อยที่สุดมีที่นี่นี่ที่เดียว...$$,,,
13389,อาหารอร่อย บรรยากาศดี เจ้าของร้านใจดี,,,
13393,ไปหัวหินต้องไปทาน,,,
13397,ใช้วัตถุดิบชั้นดี ราคาสูง อาจเจอดาราที่ร้าน,,,
13398,อร่อย ราคาสูง สะอาด มีที่จอดรถ ,,,
13428,อร่อยทุกอย่างคะ,,,
13431,ไม่ชอบคิดเงิน ผักเคียง-5 ติดลบ,,,
13432,บรรยากาศดีค่ะ แต่งร้านเป็นไม้ มีอาหารตามสั่ง+เตี๋ยวหมู+ไก่ตุ๋น,,,
13450,ชอบต้มยำกุ้งที่สุด,,,
13457,อร่อยดี อย่าลืมสั่งลูกชิ้นกุ้งทอดนะคะ เด็ดๆ ;),,,
13460,สดมากกก ของเค้าดีจิงๆๆๆ,,,
13462,555ซื้อมา2ชิ้นกิยไม่หมด^^ *ก้นเยาะๆก็เลี่ยน 5555,,,
13463,ลองหาข้อมูลในกุเกิ้ลดูเอา^^,,,
13464,พนักงานก็บริการไม่ดีโต๊ะก็ไม่ค่อยสอาด ดีอย่างเดียวห้องน้ำติดแอร์5555,,,
13465,อาหารอร่อยมากครับรสชาติกลาง,,,
13468,น้ำซุปหอมดี,,,
13475,ข้าวหน้าเนื้อ สั่งไข่ดิบเพิ่ม ก่อนกินเอาเนื้อมาจิ้มโชยุก่อนแล้วจุ่มไข่ อร่อยมากครับ,,,
13478,อาหารอร่อย. ราคาปานกลาง,,,
13479,อร่อยดี555เดี๊ยวโพสรูปที่ชอบกินไห้ดูเรื่อยๆเพราะกินบ่อย,,,
13480,ชอบที่แบบให้เราบริการตัวเอง อ่อแล้วซุปฟักทองที่นี่อร่อยมากกกกกกกก,,,
13491,แนะนำไก่ย่างนมสด,,,
13502,แนะนำ Pork Shop อร่อยมากครับ,,,
13509,บรรยากาศดีอาหารไม่แพง,,,
13514,อร่อยดีครับ สวดยอด,,,
13526,พัก15-17.00น. ค่ะแต่สั่งกลับบ้านได้,,,
13532,ร้านอยู่ริมถนน จอดรถริมฟุบาตได้เลยรสชาติอาหารดีใช้ได้ กลางๆ ไม่เผ็ดทานได้ทุกวัย ราคาไม่แพง...,,,
13539,ร้านเพิ่งเปิด ต้องทำใจ บางทีไปบ่ายโมงปิดเฉยเลย เหตุเพราะพนักงานน้อย คนไม่พอบริการ จานชามเก็บไม่ทัน ,,,
13545,เขาว่าขนมเค้กเนยสดร้านนี้อร่อย ,,,
13556,แรกแรกอร่อยพอมาที่หลังไม่ค่อยอร่อยแล้วแถมยังให้น้อยมากมาก,,,
13557,อร่อยมากโดยเฉพาะแกงหอยขมอร่อยสุดยอด,,,
13559,ดีมากมากครับ,,,
13577,อยู่ริมถนนเลยค๊ะ,,,
13578,อาหารสดอร่อย พนักงานบริการดีเยี่ยมครับ,,,
13587,ร้านน่ารัก มีwifi ฟรีด้วย กาเเฟก็อร่อย เเนะนำให้ทาน กาเเฟตาตั้ง ดื่มเเล้วตาตั้งจริงๆ ,,,
13588,อาหารอร่อยครับร้านนี้ นั่งเพลินดีดนตรีเพื่อชีวิตฟังสบายๆ,,,
13595,รลชาติสมราคา เพลงดังเกินไปวัตถุดิบธรรมดาบริการดีนักศึกษาเยอะ ( ราชมงคลลานนา),,,
13601,เบียผลไม้และคอกเทลที่นี่อร่อยมากคะ อาหารก็อร่อย มี2ชั้นนะคะ ข้างล่างจะเฮฮากว่าเพราะมีดนตรีสดด้วย,,,
13604,สปาเกตตี้ข้นๆกับเลม่อน. เค้ากันมากเลยครับ,,,
13605,อาหารอร่อย บรรยากาศดี มีมุมให้เด็กเล่นด้วย ราคาปานกลาง ร้านติดแอร์เย็นฉํ่า ,,,
13616,เผือกต้ม กับโครอกเกะอร่อยมากกก,,,
13617,ขนมร้านนี้อร่อยมากกก. เสียดายหมดเร็วไปหน่อย,,,
13618,อาหารอร่อย บริการเยี่ยม เพลงเพราะมาก ประทับใจสุดๆ,,,
13626,อาหารอร่อยค่ะ รสชาดดีรสจัดได้ใจค่ะ เด็กเสิร์ฟบริการดีค่ะ ^ ^,,,
13630,อยู่ติดถนนเลยค๊ะในตัวเมืองพิษณุโลก,,,
13632,โดยรวมถือว่า อาหารรสชาติดี ราคาปานกลาง หัวนึงตก 200-250 บาท (ทานสองคน) ถ้าคิดไม่ออก มาได้เลยครับ ไม่ผิดหวัง,,,
13633,บรรยากาศภายในสบายๆ. เค้กอร่อยเหมาะสำหรับวันที่ต้องการพักผ่อน,,,
13640,ต้องลองค่ะ. กินแล้วอยากพาพ่อแม่มามากๆ,,,
13646,Spagethi northern style sausageRoti chicken curryso yummy,,,
13648,very impressive unagi bou sushi 5stars for this dish,,,
13649,อาหารรสชาติค่อนข้างจัดด,,,
13654,ร้านนี้เน้น pancake ka. มีรดชาดหลากหลายแต่ผสมผสานกันได้ลงตัวดี รับรองทานแล้วต้องติดใจค่ะ^^,,,
13656,อาหารอร่อยอยู่ แต่ราคาแพงไปนิด ,,,
13662,เอแคร์แป้งนุ่มมากไส้ไม่หวานจนเกินไปอร่อยแบบลงตัวมากมากเลย,,,
13663,อาหารรสชาติธรรมดา แต่แพงมาก ข้าวเปล่าถ้วยละ 100 บาทห้ามสั่ง ข้าวหน้าปลาดิบสับ เค้าใส่ไข่ขาวดิบ เละๆแหยะๆ ,,,
13664,อร่อยที่สุด,,,
13671,อาหารอร่อยมากๆมีให้เลือกเพียบเลยเราชอบร้านนี้ที่สุดละไม่จำกัดเวลาด้วยนะ,,,
13687,อาหารอร่อย เบียร์หลากหลาย บรรยากาศส่วนตัวดี,,,
13691,ชอบขาหมูทอด ปลาหมึกทอด หมูแดดเดียว กะหล่ำปลีน้ำปลา ประกระพงนึ่งมะนาว เด็ดมากๆเลยค่ะ,,,
13698,เข้าบรรยากาศประชานิเวศน์3 ต้องมาร้านน้ี,,,
13708,i like it preferably come here with groups of friend is a perfect thing to do here,,,
13718,โดยส่วนตัวแนะนำอาหารเวียดนามจป็นหลัดคับสำหรับร้านนี้,,,
13719,ร้านนี้อร่อยครับ มากินกี่รอบก็ประทับใจ,,,
13725,ตำมะม่วงอร่อยมากๆ,,,
13745,สั่งชุดหมู อร่อยมากๆอย่าลืมกินกะนํ้าจิ้มสูตรเฉพาะนะคะเข้ากันมาก,,,
13749,เป็นร้านที่มีบรรยากาศดีอาหารอร่อยแะกาแฟรสชาติกับลายสวยมาก,,,
13751,บรรยากาศแมกไม้ สวนสวยภายในร้าน เหมาะแก่การจัดเลี้ยงและสังสรรค์ นั่งรับประทานอาหาร  ,,,
13757,italian food from italian owner. secret little place in Muangthong Thani,,,
13765,ก๋วยจั๊บหมูกรอบ สูตรน้ำข้นจากยะลา  หอมน้ำซุป หมูกรอบอร่อย เครื่องในมีกระเพาะ ลิ้น หัวใจ,,,
13768,ไปลองมาแล้วครับ อร่อยจริง...แต่ระวังเพลินนะครับ ผมสั่งเพลินเวลาเช็คบิลแล้วตกใจ เกินงบตลอด...แต่อร่อยครับ,,,
13769,อาหารหมดไม่ค่อยเติม นำ้จิ้มงั้นๆ โดยรวมแล้วขอลองแค่ครั้งเดียว,,,
13772,อร่อยทุกอย่าง (เค้ก&พาย) แวะไปทานกันนะค่ะแล้วจาติดใจเหมือนเค้าเลย^____^,,,
13780,ตั้งใจไป แต่เจ้าของไม่ตั้งใจขาย ..จบเลย!!,,,
13783,เป็นร้านข้าวมันไก่ที่มีน้ำจ้ิมรสเด็ด อร่อยมาก,,,
13784,ร้านนี้ไปทานบ่อยค่ะ อาหารอร่อยทุกอย่างเลย.....,,,
13786,ชอบแกงไตปลาคับราคาไม่ถูกเส้นสดๆมาจากกระทะเลยคับ,,,
13787,แนะนำปลากระพงทอดน้ำปลา หอยนางรม หอยตลับผัดใบโหระพา,,,
13792,ขาหมูเยรมันอร่อยครับ แต่แยะมากสปาเก็ตตี้อกเป็ดก็อร่อยครับ หอมอกเป็ด รสชาตกำลังดี,,,
13793,อาหารอร่อย เป็นอาหารเหนือที่หากินยาก บรรยากาศดีมาก ประทับใจ กดlikeให้เลย,,,
13815,นั่งทานสบายๆ เหมาะไว้นัดเพื่อนสังสรรค์,,,
13817,ร้านนี้มาแล้วต้องประทับใจทุกท่านค๊ะ อร่อยสุดคุ้ม（＾∇＾）,,,
13829,classic thai seafood. fresh and spicy. seafood sauce is amazing,,,
13833,เค้กอร่อยมากคะ โดยเฉพาะเค้กมะพร้าวอ่อน,,,
13836,อาหารอร่อยมากๆ ตบท้ายด้วย บานอฟฟี่ + คาปูร้อนอีกแก้ว,,,
13839,บุฟเฟ่มีอาหารให้เลือกเยอะดีคับ,,,
13842,เนื้อไก่นุ่ม เนื้อแน่นพอดีๆ น้ำจิ้มเด็ดราคาไม่แพงเกินไป,,,
13859,บริการแย่. ร้านสกปรก เนื้อก็งัน ไม่เหมือนก่อน,,,
13866,อาหารอร่อย ไม่แพงด้วย,,,
13869,เครปคุนป้าไม่เหมือนใครจริงๆแป้งกรอบเครื่องเยอะ. อร่อยๆคร้า,,,
13871,อยากทานแหนมเนืองอร่อย อาการแิสานอุบลหรืออาหารไทย ส้มคำแซป มาที่บั๋นแซว ไม่ผิดหวัง,,,
13879,ก๋วยเตี๋ยวแคะ ลูกชิ้นแคะลวกจิ้มน้ำจิ้มมะขาม ลูกชิ้นเนื้อหมู ทำเองสูตรดั้งเดิม,,,
13881,โดนไล่ที่เรียบร้อย,,,
13883,กาแฟรสดี เข้มข้น,,,
13889, aroyyyy ja lol actually i dnt like to eat duck but this one it s good taste n no smell of d duck i like it ^^,,,
13891,เป็นเค้กมะพร้าว Low Fat โรยหน้าด้วยมะพร้าวอ่อนอร่อยมากค่ะ ไอศกรีมก็เป็นแบบโฮมเมทอร่อยมากค่ะ,,,
13894,แกงคั่วหอยขมอร่อยมากมากเลยค่ะ,,,
13927,อร่อยดีครับ มีเมนูสเต็กให้เลือกหลายแบบ คุณภาพของเนื้อก็ดี ราคาไม่สูงมากจนเกินไป,,,
13928, อร่อยดี แถมมีบริการแกะเปลือกกุ้งให้ด้วย :),,,
13931,เป็นร้านเนื้อย่าง(yakiniku) รสชาติดีแต่เมนูรายการอาหารที่มีไม่ค่อยเยอะเท่าไร แต่โดยรวมก็โอเคครับ,,,
13932,อาหารอร่อย ถูก พนักงานบริการดี สะอาด,,,
13935,หหลังจากที่ได้ไปลอง. สวกยวดมาก ฮาบ,,,
13938,อาหารอร่อยราคาไม่แพงค่ะ. เริ่มต้นที่65 บาท เป็นอาหารพวกราเมง,,,
13940,อร่อยดี. บรรยากาศพอใช้ได้,,,
13941,บรรยายกาศธรรมดา บริการพื้นๆ เมนูอาหารหลากหลายเท่าไร น้ำจิ้มไม่แซบ,,,
13945,แกงกะหรี่รสชาติดีมากเข้มข้นหอมมาก หมูทอดก็เยี่ยม ,,,
13946,อร่อยครับ ไปทีไรต้องซื้อติดไม้ติดมือ ^^ เป็นของฝากก็ได้,,,
13952,muffle = mochi+waffle เป็นสูตรญี่ปุ่นแท้คะ เนื้อขนมจะเหนียว นุ่ม กรุบ กรอบ ต้องลองคะ บอกได้เลยว่าต้องติดใจ,,,
13960,This place is @ Nimman Soi1...next to Mix...(I'm not sure)$I've been there once...But I don't think I'll be there again... :(,,,
13962,been there so many times...cause I fall in love with their noodle-menus ;),,,
13963,The Best ก๋วยเตี๋ยวเนื้อตุ๋น in Chiangmai !!!$Meat is tender...& their soup is super tasty !!!,,,
13964,I've been so many times...$One of the most authentic Northern Thai food that I can find...$,,,
13966,Their crispy wonton is a MUST!!! It goes well with every noodle dishes...,,,
13967,I would give this place 5 stars if only it's easy to find..$cause I always got lost every time i tried to find this place...$$Local Food is great..The Atmosphere is unbelievable nice esp. their music it even made their food more tasty..$:),,,
13968,Best Chicken Rice in CM..Price is reasonable..$Their chicken & soup are irresistible !!!,,,
13969,Every Rimpa menus are worth to try..$The atmosphere & the view are unbelievably awesome.. esp. when the sun set..$,,,
13977,เสร็จจากการทานข้าวก็สามารถเข้าไปแด๊นซ์อีกโซนได้เลยครับ มีวงดนตรีเล่นสดทั้งสองโซนเลย,,,
13980,น่ากินมากๆ อร่อยด้วย,,,
13988,เมนูมีให้เลือกหลากหลาย แต่ละอย่างก็อร่อย รสชาติเข้าเนื้อ ย่างบนเตาถ่าน หอม น้ำจิ้มแซบ,,,
13990,มาปาร์ตี้ลาวกะที่รัก อั๊ก อั๊ก อั๊ก,,,
13991,ย้ายหรือปิดไปแล้ว,,,
13997,ปลากะพงย่างเกลือส้มตำหลอดอร่อยมาก ราคาย่อมเยาว์ ไปทานประจำครับ,,,
14010,อยากทราบราคา และรายการอาหาวอ่ะ,,,
14014,ขึ้นเจียงใหม่ทีไร ต้องแวะไปตลอด ชอบไส้อั่ว ออเดิร์ฟเมือง แกงขนุน รำแต้ๆจ้าววว^^,,,
14026,เปิดเพลงใช้ได้ มิกเซอร์อาจจะแพงนิดได้ข่าวว่าต้มแซบอร่อย ลองแล้ว ใช้ได้ ;),,,
14030,อาหารอร่อย บรรยากาศดี มาเป็นครอบครัวก็ได้ หรือจะมากับคนรู้ใจก็ดี,,,
14037,อร่อยมากๆๆค่ะ,,,
14043,อาหารอร่อย มีให้เลือกหลากหลาย ,,,
14059,อาหาร พื้นๆทั่วไป ราคาค่อนข้างสูง วัตถุดิบดีที่นั่งสบาย เปนส่วนตัว ชิวๆเพลงสดเพราะจิบเบียร์แจ่มมาก,,,
14060,ร้านมีบรรยากาศเปนจุดขายแต่อาหารธรรมดาไปหน่อยถ้าเทียบกับราคา...,,,
14065,มีโต๊ะพูล โปรเจ็คเตอร์ฉายบอลสด อาหารหลากเมนู,,,
14067,วันนหยุดคนเยอะพนักงานไม่พอ แต่ได้อาหารเหนือลำล้ำมาทดแทนก็พอไหว,,,
14076,ของเค้าดีจริง ถูกเเละบรรยากาศดี เจ้าของร้านเป็นกันเองมากๆ,,,
14088,สะอาดและอร่อยดี ส้มตำมีให้เลือกหลายแบบตามชอบใจ ^^,,,
14108,อาหารได้ช้านิดหน่อยแต่อร่อยดี,,,
14114,อาหารรสชาติกลางๆ พอใช้ได้ ปริมาณพอดี แต่ราคาแพงไปหน่อยเค้กรสชาติพอใช้ ราคาไม่แพงนัก...,,,
14138,บรรยากาศอบอุ่นดี น่าจะมากับแฟน วาฟเฟิลอร่อย,,,
14143,ต้มยำหม้อไฟปลาจีน หอยเชลล์เผา ทอดมันปลากราย,,,
14146,กินประจำ. อร่อยดีชอบ,,,
14159,คุณลุงใจดีมาก. แถมขนมให้ตลอด,,,
14160,สั่ง..เลยยย..อร่อย ทุ๊กกกก อย่างงง..!!! ^^,,,
14173,ไม่ได้อยู่ที่นี่แล้วครับ,,,
14175,นอกจากก๋วยเตี๋ยวแล้วต้องลองปอเปี๊ยะทอด,,,
14186,ร้านสวย บรรยากาศดี บริการดี แต่อาจจะรู้สึกอึดอัดบ้าง เพราะไม่มีคนเลย,,,
14197,บริการทันใจสั่งได้ตามชอบ-ตามใจคนกิน,,,
14218,มีอูคูเลเล่ขายและมีเปิดสอนด้วย,,,
14224,ไก่กรอบดี ซอสเผ็ด(มาก) ซอสกระเทียมอร่อยดี แต่กินมาก ๆ จะเลี่ยนไปนิด,,,
14227,ชอบร้านตกแต่งสวยดี,,,